1,1954 Argentine Grand Prix - qualifying,1954-01-16
2,1954 Belgian Grand Prix - qualifying,1954-06-19
0,1954 French Grand Prix - qualifying,1954-07-03
3,1954 British Grand Prix - qualifying,1954-07-16
4,1954 German Grand Prix - qualifying,1954-07-31
8,1954 Swiss Grand Prix - qualifying,1954-08-21
6,1954 Italian Grand Prix - qualifying,1954-09-04
7,1954 Spanish Grand Prix - qualifying,1954-10-23
9,1955 Argentine Grand Prix - qualifying,1955-01-15
15,1955 Monaco Grand Prix - qualifying,1955-05-21
10,1955 Belgian Grand Prix - qualifying,1955-06-04
12,1955 Dutch Grand Prix - qualifying,1955-06-18
11,1955 British Grand Prix - qualifying,1955-07-15
14,1955 Italian Grand Prix - qualifying,1955-09-10
17,1956 Argentine Grand Prix - qualifying,1956-01-21
23,1956 Monaco Grand Prix - qualifying,1956-05-12
18,1956 Belgian Grand Prix - qualifying,1956-06-02
16,1956 French Grand Prix - qualifying,1956-06-30
19,1956 British Grand Prix - qualifying,1956-07-13
20,1956 German Grand Prix - qualifying,1956-08-04
22,1956 Italian Grand Prix - qualifying,1956-09-01
25,1957 Argentine Grand Prix - qualifying,1957-01-12
30,1957 Monaco Grand Prix - qualifying,1957-05-18
24,1957 French Grand Prix - qualifying,1957-07-06
26,1957 British Grand Prix - qualifying,1957-07-19
27,1957 German Grand Prix - qualifying,1957-08-03
31,1957 Pescara Grand Prix - qualifying,1957-08-17
29,1957 Italian Grand Prix - qualifying,1957-09-07
33,1958 Argentine Grand Prix - qualifying,1958-01-18
40,1958 Monaco Grand Prix - qualifying,1958-05-17
36,1958 Dutch Grand Prix - qualifying,1958-05-25
34,1958 Belgian Grand Prix - qualifying,1958-06-14
32,1958 French Grand Prix - qualifying,1958-07-05
35,1958 British Grand Prix - qualifying,1958-07-18
37,1958 German Grand Prix - qualifying,1958-08-02
42,1958 Portuguese Grand Prix - qualifying,1958-08-23
39,1958 Italian Grand Prix - qualifying,1958-09-06
41,1958 Moroccan Grand Prix - qualifying,1958-10-18
49,1959 Monaco Grand Prix - qualifying,1959-05-09
45,1959 Dutch Grand Prix - qualifying,1959-05-30
43,1959 French Grand Prix - qualifying,1959-07-04
44,1959 British Grand Prix - qualifying,1959-07-17
46,1959 German Grand Prix - qualifying,1959-08-01
50,1959 Portuguese Grand Prix - qualifying,1959-08-22
48,1959 Italian Grand Prix - qualifying,1959-09-12
51,1959 United States Grand Prix - qualifying,1959-12-11
53,1960 Argentine Grand Prix - qualifying,1960-02-06
59,1960 Monaco Grand Prix - qualifying,1960-05-28
56,1960 Dutch Grand Prix - qualifying,1960-06-05
54,1960 Belgian Grand Prix - qualifying,1960-06-18
52,1960 French Grand Prix - qualifying,1960-07-02
55,1960 British Grand Prix - qualifying,1960-07-15
60,1960 Portuguese Grand Prix - qualifying,1960-08-13
58,1960 Italian Grand Prix - qualifying,1960-09-03
61,1960 United States Grand Prix - qualifying,1960-11-19
68,1961 Monaco Grand Prix - qualifying,1961-05-13
65,1961 Dutch Grand Prix - qualifying,1961-05-21
63,1961 Belgian Grand Prix - qualifying,1961-06-17
62,1961 French Grand Prix - qualifying,1961-07-01
64,1961 British Grand Prix - qualifying,1961-07-14
66,1961 German Grand Prix - qualifying,1961-08-05
67,1961 Italian Grand Prix - qualifying,1961-09-09
69,1961 United States Grand Prix - qualifying,1961-10-07
73,1962 Dutch Grand Prix - qualifying,1962-05-19
76,1962 Monaco Grand Prix - qualifying,1962-06-02
71,1962 Belgian Grand Prix - qualifying,1962-06-16
70,1962 French Grand Prix - qualifying,1962-07-07
72,1962 British Grand Prix - qualifying,1962-07-20
74,1962 German Grand Prix - qualifying,1962-08-04
75,1962 Italian Grand Prix - qualifying,1962-09-15
78,1962 United States Grand Prix - qualifying,1962-10-06
77,1962 South African Grand Prix - qualifying,1962-12-28
86,1963 Monaco Grand Prix - qualifying,1963-05-25
80,1963 Belgian Grand Prix - qualifying,1963-06-08
82,1963 Dutch Grand Prix - qualifying,1963-06-22
79,1963 French Grand Prix - qualifying,1963-06-29
81,1963 British Grand Prix - qualifying,1963-07-19
83,1963 German Grand Prix - qualifying,1963-08-03
84,1963 Italian Grand Prix - qualifying,1963-09-07
88,1963 United States Grand Prix - qualifying,1963-10-05
85,1963 Mexican Grand Prix - qualifying,1963-10-26
87,1963 South African Grand Prix - qualifying,1963-12-27
97,1964 Monaco Grand Prix - qualifying,1964-05-09
93,1964 Dutch Grand Prix - qualifying,1964-05-23
91,1964 Belgian Grand Prix - qualifying,1964-06-13
89,1964 French Grand Prix - qualifying,1964-06-27
92,1964 British Grand Prix - qualifying,1964-07-10
94,1964 German Grand Prix - qualifying,1964-08-01
90,1964 Austrian Grand Prix - qualifying,1964-08-22
95,1964 Italian Grand Prix - qualifying,1964-09-05
98,1964 United States Grand Prix - qualifying,1964-10-03
96,1964 Mexican Grand Prix - qualifying,1964-10-24
107,1965 South African Grand Prix - qualifying,1964-12-31
106,1965 Monaco Grand Prix - qualifying,1965-05-29
100,1965 Belgian Grand Prix - qualifying,1965-06-12
99,1965 French Grand Prix - qualifying,1965-06-26
101,1965 British Grand Prix - qualifying,1965-07-09
102,1965 Dutch Grand Prix - qualifying,1965-07-17
103,1965 German Grand Prix - qualifying,1965-07-31
104,1965 Italian Grand Prix - qualifying,1965-09-11
108,1965 United States Grand Prix - qualifying,1965-10-02
105,1965 Mexican Grand Prix - qualifying,1965-10-23
116,1966 Monaco Grand Prix - qualifying,1966-05-21
110,1966 Belgian Grand Prix - qualifying,1966-06-11
109,1966 French Grand Prix - qualifying,1966-07-02
111,1966 British Grand Prix - qualifying,1966-07-15
112,1966 Dutch Grand Prix - qualifying,1966-07-23
113,1966 German Grand Prix - qualifying,1966-08-06
114,1966 Italian Grand Prix - qualifying,1966-09-03
117,1966 United States Grand Prix - qualifying,1966-10-01
115,1966 Mexican Grand Prix - qualifying,1966-10-22
127,1967 South African Grand Prix - qualifying,1967-01-01
126,1967 Monaco Grand Prix - qualifying,1967-05-06
122,1967 Dutch Grand Prix - qualifying,1967-06-03
119,1967 Belgian Grand Prix - qualifying,1967-06-17
118,1967 French Grand Prix - qualifying,1967-07-01
120,1967 British Grand Prix - qualifying,1967-07-14
123,1967 German Grand Prix - qualifying,1967-08-05
121,1967 Canadian Grand Prix - qualifying,1967-08-26
124,1967 Italian Grand Prix - qualifying,1967-09-09
128,1967 United States Grand Prix - qualifying,1967-09-30
125,1967 Mexican Grand Prix - qualifying,1967-10-21
138,1968 South African Grand Prix - qualifying,1967-12-31
139,1968 Spanish Grand Prix - qualifying,1968-05-11
137,1968 Monaco Grand Prix - qualifying,1968-05-25
129,1968 Belgian Grand Prix - qualifying,1968-06-08
132,1968 Dutch Grand Prix - qualifying,1968-06-22
133,1968 French Grand Prix - qualifying,1968-07-06
130,1968 British Grand Prix - qualifying,1968-07-19
134,1968 German Grand Prix - qualifying,1968-08-03
135,1968 Italian Grand Prix - qualifying,1968-09-07
131,1968 Canadian Grand Prix - qualifying,1968-09-21
140,1968 United States Grand Prix - qualifying,1968-10-05
136,1968 Mexican Grand Prix - qualifying,1968-11-02
149,1969 South African Grand Prix - qualifying,1969-02-28
150,1969 Spanish Grand Prix - qualifying,1969-05-03
148,1969 Monaco Grand Prix - qualifying,1969-05-17
143,1969 Dutch Grand Prix - qualifying,1969-06-20
144,1969 French Grand Prix - qualifying,1969-07-05
141,1969 British Grand Prix - qualifying,1969-07-18
145,1969 German Grand Prix - qualifying,1969-08-02
146,1969 Italian Grand Prix - qualifying,1969-09-06
142,1969 Canadian Grand Prix - qualifying,1969-09-19
151,1969 United States Grand Prix - qualifying,1969-10-04
147,1969 Mexican Grand Prix - qualifying,1969-10-18
162,1970 South African Grand Prix - qualifying,1970-03-06
163,1970 Spanish Grand Prix - qualifying,1970-04-18
161,1970 Monaco Grand Prix - qualifying,1970-05-09
153,1970 Belgian Grand Prix - qualifying,1970-06-06
156,1970 Dutch Grand Prix - qualifying,1970-06-20
157,1970 French Grand Prix - qualifying,1970-07-04
154,1970 British Grand Prix - qualifying,1970-07-17
158,1970 German Grand Prix - qualifying,1970-08-01
152,1970 Austrian Grand Prix - qualifying,1970-08-15
159,1970 Italian Grand Prix - qualifying,1970-09-05
155,1970 Canadian Grand Prix - qualifying,1970-09-19
164,1970 United States Grand Prix - qualifying,1970-10-03
160,1970 Mexican Grand Prix - qualifying,1970-10-24
173,1971 South African Grand Prix - qualifying,1971-03-05
174,1971 Spanish Grand Prix - qualifying,1971-04-17
172,1971 Monaco Grand Prix - qualifying,1971-05-22
168,1971 Dutch Grand Prix - qualifying,1971-06-19
169,1971 French Grand Prix - qualifying,1971-07-03
166,1971 British Grand Prix - qualifying,1971-07-16
170,1971 German Grand Prix - qualifying,1971-07-31
165,1971 Austrian Grand Prix - qualifying,1971-08-14
171,1971 Italian Grand Prix - qualifying,1971-09-04
167,1971 Canadian Grand Prix - qualifying,1971-09-18
175,1971 United States Grand Prix - qualifying,1971-10-02
176,1972 Argentine Grand Prix - qualifying,1972-01-22
185,1972 South African Grand Prix - qualifying,1972-03-03
186,1972 Spanish Grand Prix - qualifying,1972-04-30
184,1972 Monaco Grand Prix - qualifying,1972-05-13
178,1972 Belgian Grand Prix - qualifying,1972-06-03
181,1972 French Grand Prix - qualifying,1972-07-01
179,1972 British Grand Prix - qualifying,1972-07-14
182,1972 German Grand Prix - qualifying,1972-07-29
177,1972 Austrian Grand Prix - qualifying,1972-08-12
183,1972 Italian Grand Prix - qualifying,1972-09-09
180,1972 Canadian Grand Prix - qualifying,1972-09-23
187,1972 United States Grand Prix - qualifying,1972-10-07
188,1973 Argentine Grand Prix - qualifying,1973-01-27
191,1973 Brazilian Grand Prix - qualifying,1973-02-10
199,1973 South African Grand Prix - qualifying,1973-03-02
200,1973 Spanish Grand Prix - qualifying,1973-04-28
190,1973 Belgian Grand Prix - qualifying,1973-05-19
198,1973 Monaco Grand Prix - qualifying,1973-06-02
201,1973 Swedish Grand Prix - qualifying,1973-06-16
195,1973 French Grand Prix - qualifying,1973-06-30
192,1973 British Grand Prix - qualifying,1973-07-13
194,1973 Dutch Grand Prix - qualifying,1973-07-28
196,1973 German Grand Prix - qualifying,1973-08-04
189,1973 Austrian Grand Prix - qualifying,1973-08-18
197,1973 Italian Grand Prix - qualifying,1973-09-08
193,1973 Canadian Grand Prix - qualifying,1973-09-22
202,1973 United States Grand Prix - qualifying,1973-10-06
203,1974 Argentine Grand Prix - qualifying,1974-01-12
206,1974 Brazilian Grand Prix - qualifying,1974-01-26
214,1974 South African Grand Prix - qualifying,1974-03-29
215,1974 Spanish Grand Prix - qualifying,1974-04-27
205,1974 Belgian Grand Prix - qualifying,1974-05-11
213,1974 Monaco Grand Prix - qualifying,1974-05-25
216,1974 Swedish Grand Prix - qualifying,1974-06-08
209,1974 Dutch Grand Prix - qualifying,1974-06-22
210,1974 French Grand Prix - qualifying,1974-07-06
207,1974 British Grand Prix - qualifying,1974-07-19
211,1974 German Grand Prix - qualifying,1974-08-03
204,1974 Austrian Grand Prix - qualifying,1974-08-17
212,1974 Italian Grand Prix - qualifying,1974-09-07
208,1974 Canadian Grand Prix - qualifying,1974-09-21
217,1974 United States Grand Prix - qualifying,1974-10-05
218,1975 Argentine Grand Prix - qualifying,1975-01-11
221,1975 Brazilian Grand Prix - qualifying,1975-01-25
228,1975 South African Grand Prix - qualifying,1975-02-28
229,1975 Spanish Grand Prix - qualifying,1975-04-26
227,1975 Monaco Grand Prix - qualifying,1975-05-10
220,1975 Belgian Grand Prix - qualifying,1975-05-24
230,1975 Swedish Grand Prix - qualifying,1975-06-07
223,1975 Dutch Grand Prix - qualifying,1975-06-21
224,1975 French Grand Prix - qualifying,1975-07-05
222,1975 British Grand Prix - qualifying,1975-07-18
225,1975 German Grand Prix - qualifying,1975-08-02
219,1975 Austrian Grand Prix - qualifying,1975-08-16
226,1975 Italian Grand Prix - qualifying,1975-09-06
231,1975 United States Grand Prix - qualifying,1975-10-04
234,1976 Brazilian Grand Prix - qualifying,1976-01-24
243,1976 South African Grand Prix - qualifying,1976-03-05
247,1976 United States Grand Prix West - qualifying,1976-03-27
244,1976 Spanish Grand Prix - qualifying,1976-05-01
233,1976 Belgian Grand Prix - qualifying,1976-05-15
242,1976 Monaco Grand Prix - qualifying,1976-05-29
245,1976 Swedish Grand Prix - qualifying,1976-06-12
238,1976 French Grand Prix - qualifying,1976-07-03
235,1976 British Grand Prix - qualifying,1976-07-17
239,1976 German Grand Prix - qualifying,1976-07-31
232,1976 Austrian Grand Prix - qualifying,1976-08-14
237,1976 Dutch Grand Prix - qualifying,1976-08-28
240,1976 Italian Grand Prix - qualifying,1976-09-11
236,1976 Canadian Grand Prix - qualifying,1976-10-02
246,1976 United States Grand Prix - qualifying,1976-10-09
241,1976 Japanese Grand Prix - qualifying,1976-10-23
248,1977 Argentine Grand Prix - qualifying,1977-01-08
251,1977 Brazilian Grand Prix - qualifying,1977-01-22
260,1977 South African Grand Prix - qualifying,1977-03-04
264,1977 United States Grand Prix West - qualifying,1977-04-02
261,1977 Spanish Grand Prix - qualifying,1977-05-07
259,1977 Monaco Grand Prix - qualifying,1977-05-21
250,1977 Belgian Grand Prix - qualifying,1977-06-04
262,1977 Swedish Grand Prix - qualifying,1977-06-18
255,1977 French Grand Prix - qualifying,1977-07-02
252,1977 British Grand Prix - qualifying,1977-07-15
256,1977 German Grand Prix - qualifying,1977-07-30
249,1977 Austrian Grand Prix - qualifying,1977-08-13
254,1977 Dutch Grand Prix - qualifying,1977-08-27
257,1977 Italian Grand Prix - qualifying,1977-09-10
263,1977 United States Grand Prix - qualifying,1977-10-01
253,1977 Canadian Grand Prix - qualifying,1977-10-08
258,1977 Japanese Grand Prix - qualifying,1977-10-22
265,1978 Argentine Grand Prix - qualifying,1978-01-14
268,1978 Brazilian Grand Prix - qualifying,1978-01-28
276,1978 South African Grand Prix - qualifying,1978-03-03
280,1978 United States Grand Prix West - qualifying,1978-04-01
275,1978 Monaco Grand Prix - qualifying,1978-05-06
267,1978 Belgian Grand Prix - qualifying,1978-05-20
277,1978 Spanish Grand Prix - qualifying,1978-06-03
278,1978 Swedish Grand Prix - qualifying,1978-06-16
272,1978 French Grand Prix - qualifying,1978-07-01
269,1978 British Grand Prix - qualifying,1978-07-15
273,1978 German Grand Prix - qualifying,1978-07-29
266,1978 Austrian Grand Prix - qualifying,1978-08-12
271,1978 Dutch Grand Prix - qualifying,1978-08-26
274,1978 Italian Grand Prix - qualifying,1978-09-09
279,1978 United States Grand Prix - qualifying,1978-09-30
270,1978 Canadian Grand Prix - qualifying,1978-10-07
281,1979 Argentine Grand Prix - qualifying,1979-01-20
284,1979 Brazilian Grand Prix - qualifying,1979-02-03
292,1979 South African Grand Prix - qualifying,1979-03-02
295,1979 United States Grand Prix West - qualifying,1979-04-07
293,1979 Spanish Grand Prix - qualifying,1979-04-28
283,1979 Belgian Grand Prix - qualifying,1979-05-12
291,1979 Monaco Grand Prix - qualifying,1979-05-26
288,1979 French Grand Prix - qualifying,1979-06-30
285,1979 British Grand Prix - qualifying,1979-07-13
289,1979 German Grand Prix - qualifying,1979-07-28
282,1979 Austrian Grand Prix - qualifying,1979-08-11
287,1979 Dutch Grand Prix - qualifying,1979-08-25
290,1979 Italian Grand Prix - qualifying,1979-09-08
286,1979 Canadian Grand Prix - qualifying,1979-09-29
294,1979 United States Grand Prix - qualifying,1979-10-06
296,1980 Argentine Grand Prix - qualifying,1980-01-12
299,1980 Brazilian Grand Prix - qualifying,1980-01-26
307,1980 South African Grand Prix - qualifying,1980-02-29
309,1980 United States Grand Prix West - qualifying,1980-03-29
298,1980 Belgian Grand Prix - qualifying,1980-05-03
306,1980 Monaco Grand Prix - qualifying,1980-05-17
303,1980 French Grand Prix - qualifying,1980-06-28
300,1980 British Grand Prix - qualifying,1980-07-12
304,1980 German Grand Prix - qualifying,1980-08-09
297,1980 Austrian Grand Prix - qualifying,1980-08-16
302,1980 Dutch Grand Prix - qualifying,1980-08-30
305,1980 Italian Grand Prix - qualifying,1980-09-13
301,1980 Canadian Grand Prix - qualifying,1980-09-27
308,1980 United States Grand Prix - qualifying,1980-10-04
324,1981 United States Grand Prix West - qualifying,1981-03-14
313,1981 Brazilian Grand Prix - qualifying,1981-03-28
310,1981 Argentine Grand Prix - qualifying,1981-04-11
322,1981 San Marino Grand Prix - qualifying,1981-05-02
312,1981 Belgian Grand Prix - qualifying,1981-05-16
321,1981 Monaco Grand Prix - qualifying,1981-05-30
323,1981 Spanish Grand Prix - qualifying,1981-06-20
317,1981 French Grand Prix - qualifying,1981-07-04
314,1981 British Grand Prix - qualifying,1981-07-17
318,1981 German Grand Prix - qualifying,1981-08-01
311,1981 Austrian Grand Prix - qualifying,1981-08-15
316,1981 Dutch Grand Prix - qualifying,1981-08-29
319,1981 Italian Grand Prix - qualifying,1981-09-12
315,1981 Canadian Grand Prix - qualifying,1981-09-26
320,1981 Caesars Palace Grand Prix - qualifying,1981-10-16
338,1982 South African Grand Prix - qualifying,1982-01-22
327,1982 Brazilian Grand Prix - qualifying,1982-03-20
340,1982 United States Grand Prix West - qualifying,1982-04-03
337,1982 San Marino Grand Prix - qualifying,1982-04-24
326,1982 Belgian Grand Prix - qualifying,1982-05-08
336,1982 Monaco Grand Prix - qualifying,1982-05-22
330,1982 Detroit Grand Prix - qualifying,1982-06-05
329,1982 Canadian Grand Prix - qualifying,1982-06-12
331,1982 Dutch Grand Prix - qualifying,1982-07-02
328,1982 British Grand Prix - qualifying,1982-07-17
332,1982 French Grand Prix - qualifying,1982-07-24
333,1982 German Grand Prix - qualifying,1982-08-07
325,1982 Austrian Grand Prix - qualifying,1982-08-14
339,1982 Swiss Grand Prix - qualifying,1982-08-28
334,1982 Italian Grand Prix - qualifying,1982-09-11
335,1982 Caesars Palace Grand Prix - qualifying,1982-09-24
343,1983 Brazilian Grand Prix - qualifying,1983-03-12
355,1983 United States Grand Prix West - qualifying,1983-03-26
349,1983 French Grand Prix - qualifying,1983-04-16
353,1983 San Marino Grand Prix - qualifying,1983-04-30
352,1983 Monaco Grand Prix - qualifying,1983-05-14
342,1983 Belgian Grand Prix - qualifying,1983-05-21
346,1983 Detroit Grand Prix - qualifying,1983-06-04
345,1983 Canadian Grand Prix - qualifying,1983-06-11
344,1983 British Grand Prix - qualifying,1983-07-15
350,1983 German Grand Prix - qualifying,1983-08-06
341,1983 Austrian Grand Prix - qualifying,1983-08-13
347,1983 Dutch Grand Prix - qualifying,1983-08-27
351,1983 Italian Grand Prix - qualifying,1983-09-10
348,1983 European Grand Prix - qualifying,1983-09-24
354,1983 South African Grand Prix - qualifying,1983-10-14
358,1984 Brazilian Grand Prix - qualifying,1984-03-24
371,1984 South African Grand Prix - qualifying,1984-04-06
357,1984 Belgian Grand Prix - qualifying,1984-04-28
370,1984 San Marino Grand Prix - qualifying,1984-05-05
365,1984 French Grand Prix - qualifying,1984-05-19
368,1984 Monaco Grand Prix - qualifying,1984-06-02
360,1984 Canadian Grand Prix - qualifying,1984-06-16
362,1984 Detroit Grand Prix - qualifying,1984-06-23
361,1984 Dallas Grand Prix - qualifying,1984-07-07
359,1984 British Grand Prix - qualifying,1984-07-21
366,1984 German Grand Prix - qualifying,1984-08-04
356,1984 Austrian Grand Prix - qualifying,1984-08-18
363,1984 Dutch Grand Prix - qualifying,1984-08-25
367,1984 Italian Grand Prix - qualifying,1984-09-08
364,1984 European Grand Prix - qualifying,1984-10-06
369,1984 Portuguese Grand Prix - qualifying,1984-10-20
375,1985 Brazilian Grand Prix - qualifying,1985-04-06
385,1985 Portuguese Grand Prix - qualifying,1985-04-20
386,1985 San Marino Grand Prix - qualifying,1985-05-04
384,1985 Monaco Grand Prix - qualifying,1985-05-18
377,1985 Canadian Grand Prix - qualifying,1985-06-15
378,1985 Detroit Grand Prix - qualifying,1985-06-22
381,1985 French Grand Prix - qualifying,1985-07-06
376,1985 British Grand Prix - qualifying,1985-07-20
382,1985 German Grand Prix - qualifying,1985-08-03
373,1985 Austrian Grand Prix - qualifying,1985-08-17
379,1985 Dutch Grand Prix - qualifying,1985-08-24
383,1985 Italian Grand Prix - qualifying,1985-09-07
374,1985 Belgian Grand Prix - qualifying,1985-09-14
380,1985 European Grand Prix - qualifying,1985-10-05
387,1985 South African Grand Prix - qualifying,1985-10-18
372,1985 Australian Grand Prix - qualifying,1985-11-02
391,1986 Brazilian Grand Prix - qualifying,1986-03-22
403,1986 Spanish Grand Prix - qualifying,1986-04-12
402,1986 San Marino Grand Prix - qualifying,1986-04-26
400,1986 Monaco Grand Prix - qualifying,1986-05-10
390,1986 Belgian Grand Prix - qualifying,1986-05-24
393,1986 Canadian Grand Prix - qualifying,1986-06-14
394,1986 Detroit Grand Prix - qualifying,1986-06-21
395,1986 French Grand Prix - qualifying,1986-07-05
392,1986 British Grand Prix - qualifying,1986-07-12
396,1986 German Grand Prix - qualifying,1986-07-26
397,1986 Hungarian Grand Prix - qualifying,1986-08-09
389,1986 Austrian Grand Prix - qualifying,1986-08-16
398,1986 Italian Grand Prix - qualifying,1986-09-06
401,1986 Portuguese Grand Prix - qualifying,1986-09-20
399,1986 Mexican Grand Prix - qualifying,1986-10-11
388,1986 Australian Grand Prix - qualifying,1986-10-25
407,1987 Brazilian Grand Prix - qualifying,1987-04-11
418,1987 San Marino Grand Prix - qualifying,1987-05-02
406,1987 Belgian Grand Prix - qualifying,1987-05-16
416,1987 Monaco Grand Prix - qualifying,1987-05-30
405,1987 Austrian Grand Prix - qualifying,1987-06-17
409,1987 Detroit Grand Prix - qualifying,1987-06-20
410,1987 French Grand Prix - qualifying,1987-07-04
408,1987 British Grand Prix - qualifying,1987-07-11
411,1987 German Grand Prix - qualifying,1987-07-25
412,1987 Hungarian Grand Prix - qualifying,1987-08-08
413,1987 Italian Grand Prix - qualifying,1987-09-05
417,1987 Portuguese Grand Prix - qualifying,1987-09-19
419,1987 Spanish Grand Prix - qualifying,1987-09-26
415,1987 Mexican Grand Prix - qualifying,1987-10-17
414,1987 Japanese Grand Prix - qualifying,1987-10-31
404,1987 Australian Grand Prix - qualifying,1987-11-14
422,1988 Brazilian Grand Prix - qualifying,1988-04-02
434,1988 San Marino Grand Prix - qualifying,1988-04-30
432,1988 Monaco Grand Prix - qualifying,1988-05-14
431,1988 Mexican Grand Prix - qualifying,1988-05-28
424,1988 Canadian Grand Prix - qualifying,1988-06-11
425,1988 Detroit Grand Prix - qualifying,1988-06-18
426,1988 French Grand Prix - qualifying,1988-07-02
423,1988 British Grand Prix - qualifying,1988-07-09
427,1988 German Grand Prix - qualifying,1988-07-23
428,1988 Hungarian Grand Prix - qualifying,1988-08-06
421,1988 Belgian Grand Prix - qualifying,1988-08-27
429,1988 Italian Grand Prix - qualifying,1988-09-10
433,1988 Portuguese Grand Prix - qualifying,1988-09-24
435,1988 Spanish Grand Prix - qualifying,1988-10-01
430,1988 Japanese Grand Prix - qualifying,1988-10-29
420,1988 Australian Grand Prix - qualifying,1988-11-12
440,1989 Brazilian Grand Prix - prequalifying,1989-03-24
441,1989 Brazilian Grand Prix - qualifying,1989-03-25
462,1989 San Marino Grand Prix - prequalifying,1989-04-21
463,1989 San Marino Grand Prix - qualifying,1989-04-22
458,1989 Monaco Grand Prix - prequalifying,1989-05-05
459,1989 Monaco Grand Prix - qualifying,1989-05-06
456,1989 Mexican Grand Prix - prequalifying,1989-05-26
457,1989 Mexican Grand Prix - qualifying,1989-05-27
466,1989 United States Grand Prix - prequalifying,1989-06-02
467,1989 United States Grand Prix - qualifying,1989-06-03
444,1989 Canadian Grand Prix - prequalifying,1989-06-16
445,1989 Canadian Grand Prix - qualifying,1989-06-17
446,1989 French Grand Prix - prequalifying,1989-07-07
447,1989 French Grand Prix - qualifying,1989-07-08
442,1989 British Grand Prix - prequalifying,1989-07-14
443,1989 British Grand Prix - qualifying,1989-07-15
448,1989 German Grand Prix - prequalifying,1989-07-28
449,1989 German Grand Prix - qualifying,1989-07-29
450,1989 Hungarian Grand Prix - prequalifying,1989-08-11
451,1989 Hungarian Grand Prix - qualifying,1989-08-12
438,1989 Belgian Grand Prix - prequalifying,1989-08-25
439,1989 Belgian Grand Prix - qualifying,1989-08-26
452,1989 Italian Grand Prix - prequalifying,1989-09-08
453,1989 Italian Grand Prix - qualifying,1989-09-09
460,1989 Portuguese Grand Prix - prequalifying,1989-09-22
461,1989 Portuguese Grand Prix - qualifying,1989-09-23
464,1989 Spanish Grand Prix - prequalifying,1989-09-29
465,1989 Spanish Grand Prix - qualifying,1989-09-30
454,1989 Japanese Grand Prix - prequalifying,1989-10-20
455,1989 Japanese Grand Prix - qualifying,1989-10-21
436,1989 Australian Grand Prix - prequalifying,1989-11-03
437,1989 Australian Grand Prix - qualifying,1989-11-04
496,1990 United States Grand Prix - prequalifying,1990-03-09
497,1990 United States Grand Prix - qualifying,1990-03-10
471,1990 Brazilian Grand Prix - prequalifying,1990-03-23
472,1990 Brazilian Grand Prix - qualifying,1990-03-24
492,1990 San Marino Grand Prix - prequalifying,1990-05-11
493,1990 San Marino Grand Prix - qualifying,1990-05-12
488,1990 Monaco Grand Prix - prequalifying,1990-05-25
489,1990 Monaco Grand Prix - qualifying,1990-05-26
475,1990 Canadian Grand Prix - prequalifying,1990-06-08
476,1990 Canadian Grand Prix - qualifying,1990-06-09
486,1990 Mexican Grand Prix - prequalifying,1990-06-22
487,1990 Mexican Grand Prix - qualifying,1990-06-23
477,1990 French Grand Prix - prequalifying,1990-07-06
478,1990 French Grand Prix - qualifying,1990-07-07
473,1990 British Grand Prix - prequalifying,1990-07-13
474,1990 British Grand Prix - qualifying,1990-07-14
479,1990 German Grand Prix - prequalifying,1990-07-27
480,1990 German Grand Prix - qualifying,1990-07-28
481,1990 Hungarian Grand Prix - prequalifying,1990-08-10
482,1990 Hungarian Grand Prix - qualifying,1990-08-11
469,1990 Belgian Grand Prix - prequalifying,1990-08-24
470,1990 Belgian Grand Prix - qualifying,1990-08-25
483,1990 Italian Grand Prix - prequalifying,1990-09-07
484,1990 Italian Grand Prix - qualifying,1990-09-08
490,1990 Portuguese Grand Prix - prequalifying,1990-09-21
491,1990 Portuguese Grand Prix - qualifying,1990-09-22
494,1990 Spanish Grand Prix - prequalifying,1990-09-28
495,1990 Spanish Grand Prix - qualifying,1990-09-29
485,1990 Japanese Grand Prix - qualifying,1990-10-20
468,1990 Australian Grand Prix - qualifying,1990-11-03
527,1991 United States Grand Prix - prequalifying,1991-03-08
528,1991 United States Grand Prix - qualifying,1991-03-09
501,1991 Brazilian Grand Prix - prequalifying,1991-03-22
502,1991 Brazilian Grand Prix - qualifying,1991-03-23
523,1991 San Marino Grand Prix - prequalifying,1991-04-26
524,1991 San Marino Grand Prix - qualifying,1991-04-27
519,1991 Monaco Grand Prix - prequalifying,1991-05-10
520,1991 Monaco Grand Prix - qualifying,1991-05-11
505,1991 Canadian Grand Prix - prequalifying,1991-05-31
506,1991 Canadian Grand Prix - qualifying,1991-06-01
517,1991 Mexican Grand Prix - prequalifying,1991-06-14
518,1991 Mexican Grand Prix - qualifying,1991-06-15
507,1991 French Grand Prix - prequalifying,1991-07-05
508,1991 French Grand Prix - qualifying,1991-07-06
503,1991 British Grand Prix - prequalifying,1991-07-12
504,1991 British Grand Prix - qualifying,1991-07-13
509,1991 German Grand Prix - prequalifying,1991-07-26
510,1991 German Grand Prix - qualifying,1991-07-27
511,1991 Hungarian Grand Prix - prequalifying,1991-08-09
512,1991 Hungarian Grand Prix - qualifying,1991-08-10
499,1991 Belgian Grand Prix - prequalifying,1991-08-23
500,1991 Belgian Grand Prix - qualifying,1991-08-24
513,1991 Italian Grand Prix - prequalifying,1991-09-06
514,1991 Italian Grand Prix - qualifying,1991-09-07
521,1991 Portuguese Grand Prix - prequalifying,1991-09-20
522,1991 Portuguese Grand Prix - qualifying,1991-09-21
525,1991 Spanish Grand Prix - prequalifying,1991-09-27
526,1991 Spanish Grand Prix - qualifying,1991-09-28
515,1991 Japanese Grand Prix - prequalifying,1991-10-18
516,1991 Japanese Grand Prix - qualifying,1991-10-19
498,1991 Australian Grand Prix - qualifying,1991-11-02
543,1992 South African Grand Prix - qualifying,1992-02-29
539,1992 Mexican Grand Prix - qualifying,1992-03-21
531,1992 Brazilian Grand Prix - qualifying,1992-04-04
544,1992 Spanish Grand Prix - qualifying,1992-05-02
542,1992 San Marino Grand Prix - qualifying,1992-05-16
540,1992 Monaco Grand Prix - qualifying,1992-05-30
533,1992 Canadian Grand Prix - qualifying,1992-06-13
534,1992 French Grand Prix - qualifying,1992-07-04
532,1992 British Grand Prix - qualifying,1992-07-11
535,1992 German Grand Prix - qualifying,1992-07-25
536,1992 Hungarian Grand Prix - qualifying,1992-08-15
530,1992 Belgian Grand Prix - qualifying,1992-08-29
537,1992 Italian Grand Prix - qualifying,1992-09-12
541,1992 Portuguese Grand Prix - qualifying,1992-09-26
538,1992 Japanese Grand Prix - qualifying,1992-10-24
529,1992 Australian Grand Prix - qualifying,1992-11-07
559,1993 South African Grand Prix - qualifying,1993-03-13
547,1993 Brazilian Grand Prix - qualifying,1993-03-27
550,1993 European Grand Prix - qualifying,1993-04-10
558,1993 San Marino Grand Prix - qualifying,1993-04-24
560,1993 Spanish Grand Prix - qualifying,1993-05-08
556,1993 Monaco Grand Prix - qualifying,1993-05-22
549,1993 Canadian Grand Prix - qualifying,1993-06-12
551,1993 French Grand Prix - qualifying,1993-07-03
548,1993 British Grand Prix - qualifying,1993-07-10
552,1993 German Grand Prix - qualifying,1993-07-24
553,1993 Hungarian Grand Prix - qualifying,1993-08-14
546,1993 Belgian Grand Prix - qualifying,1993-08-28
554,1993 Italian Grand Prix - qualifying,1993-09-11
557,1993 Portuguese Grand Prix - qualifying,1993-09-25
555,1993 Japanese Grand Prix - qualifying,1993-10-23
545,1993 Australian Grand Prix - qualifying,1993-11-06
563,1994 Brazilian Grand Prix - qualifying,1994-03-26
573,1994 Pacific Grand Prix - qualifying,1994-04-16
575,1994 San Marino Grand Prix - qualifying,1994-04-30
572,1994 Monaco Grand Prix - qualifying,1994-05-14
576,1994 Spanish Grand Prix - qualifying,1994-05-28
565,1994 Canadian Grand Prix - qualifying,1994-06-11
567,1994 French Grand Prix - qualifying,1994-07-02
564,1994 British Grand Prix - qualifying,1994-07-09
568,1994 German Grand Prix - qualifying,1994-07-30
569,1994 Hungarian Grand Prix - qualifying,1994-08-13
562,1994 Belgian Grand Prix - qualifying,1994-08-27
570,1994 Italian Grand Prix - qualifying,1994-09-10
574,1994 Portuguese Grand Prix - qualifying,1994-09-24
566,1994 European Grand Prix - qualifying,1994-10-15
571,1994 Japanese Grand Prix - qualifying,1994-11-05
561,1994 Australian Grand Prix - qualifying,1994-11-12
580,1995 Brazilian Grand Prix - qualifying,1995-03-25
577,1995 Argentine Grand Prix - qualifying,1995-04-08
592,1995 San Marino Grand Prix - qualifying,1995-04-29
593,1995 Spanish Grand Prix - qualifying,1995-05-13
589,1995 Monaco Grand Prix - qualifying,1995-05-27
582,1995 Canadian Grand Prix - qualifying,1995-06-10
584,1995 French Grand Prix - qualifying,1995-07-01
581,1995 British Grand Prix - qualifying,1995-07-15
585,1995 German Grand Prix - qualifying,1995-07-29
586,1995 Hungarian Grand Prix - qualifying,1995-08-12
579,1995 Belgian Grand Prix - qualifying,1995-08-26
587,1995 Italian Grand Prix - qualifying,1995-09-09
591,1995 Portuguese Grand Prix - qualifying,1995-09-23
583,1995 European Grand Prix - qualifying,1995-09-30
590,1995 Pacific Grand Prix - qualifying,1995-10-21
588,1995 Japanese Grand Prix - qualifying,1995-10-28
578,1995 Australian Grand Prix - qualifying,1995-11-11
595,1996 Australian Grand Prix - qualifying,1996-03-09
597,1996 Brazilian Grand Prix - qualifying,1996-03-30
594,1996 Argentine Grand Prix - qualifying,1996-04-06
600,1996 European Grand Prix - qualifying,1996-04-27
608,1996 San Marino Grand Prix - qualifying,1996-05-04
606,1996 Monaco Grand Prix - qualifying,1996-05-18
609,1996 Spanish Grand Prix - qualifying,1996-06-01
599,1996 Canadian Grand Prix - qualifying,1996-06-15
601,1996 French Grand Prix - qualifying,1996-06-29
598,1996 British Grand Prix - qualifying,1996-07-13
602,1996 German Grand Prix - qualifying,1996-07-27
603,1996 Hungarian Grand Prix - qualifying,1996-08-10
596,1996 Belgian Grand Prix - qualifying,1996-08-24
604,1996 Italian Grand Prix - qualifying,1996-09-07
607,1996 Portuguese Grand Prix - qualifying,1996-09-21
605,1996 Japanese Grand Prix - qualifying,1996-10-12
611,1997 Australian Grand Prix - qualifying,1997-03-08
614,1997 Brazilian Grand Prix - qualifying,1997-03-29
610,1997 Argentine Grand Prix - qualifying,1997-04-12
625,1997 San Marino Grand Prix - qualifying,1997-04-26
624,1997 Monaco Grand Prix - qualifying,1997-05-10
626,1997 Spanish Grand Prix - qualifying,1997-05-24
616,1997 Canadian Grand Prix - qualifying,1997-06-14
618,1997 French Grand Prix - qualifying,1997-06-28
615,1997 British Grand Prix - qualifying,1997-07-12
619,1997 German Grand Prix - qualifying,1997-07-26
620,1997 Hungarian Grand Prix - qualifying,1997-08-09
613,1997 Belgian Grand Prix - qualifying,1997-08-23
621,1997 Italian Grand Prix - qualifying,1997-09-06
612,1997 Austrian Grand Prix - qualifying,1997-09-20
623,1997 Luxembourg Grand Prix - qualifying,1997-09-27
622,1997 Japanese Grand Prix - qualifying,1997-10-11
617,1997 European Grand Prix - qualifying,1997-10-25
628,1998 Australian Grand Prix - qualifying,1998-03-07
631,1998 Brazilian Grand Prix - qualifying,1998-03-28
627,1998 Argentine Grand Prix - qualifying,1998-04-11
641,1998 San Marino Grand Prix - qualifying,1998-04-25
642,1998 Spanish Grand Prix - qualifying,1998-05-09
640,1998 Monaco Grand Prix - qualifying,1998-05-23
633,1998 Canadian Grand Prix - qualifying,1998-06-06
634,1998 French Grand Prix - qualifying,1998-06-27
632,1998 British Grand Prix - qualifying,1998-07-11
629,1998 Austrian Grand Prix - qualifying,1998-07-25
635,1998 German Grand Prix - qualifying,1998-08-01
636,1998 Hungarian Grand Prix - qualifying,1998-08-15
630,1998 Belgian Grand Prix - qualifying,1998-08-29
637,1998 Italian Grand Prix - qualifying,1998-09-12
639,1998 Luxembourg Grand Prix - qualifying,1998-09-26
638,1998 Japanese Grand Prix - qualifying,1998-10-31
643,1999 Australian Grand Prix - qualifying,1999-03-06
646,1999 Brazilian Grand Prix - qualifying,1999-04-10
657,1999 San Marino Grand Prix - qualifying,1999-05-01
656,1999 Monaco Grand Prix - qualifying,1999-05-15
658,1999 Spanish Grand Prix - qualifying,1999-05-29
648,1999 Canadian Grand Prix - qualifying,1999-06-12
650,1999 French Grand Prix - qualifying,1999-06-26
647,1999 British Grand Prix - qualifying,1999-07-10
644,1999 Austrian Grand Prix - qualifying,1999-07-24
651,1999 German Grand Prix - qualifying,1999-07-31
652,1999 Hungarian Grand Prix - qualifying,1999-08-14
645,1999 Belgian Grand Prix - qualifying,1999-08-28
653,1999 Italian Grand Prix - qualifying,1999-09-11
649,1999 European Grand Prix - qualifying,1999-09-25
655,1999 Malaysian Grand Prix - qualifying,1999-10-16
654,1999 Japanese Grand Prix - qualifying,1999-10-30
659,2000 Australian Grand Prix - qualifying,2000-03-11
662,2000 Brazilian Grand Prix - qualifying,2000-03-25
673,2000 San Marino Grand Prix - qualifying,2000-04-08
663,2000 British Grand Prix - qualifying,2000-04-22
674,2000 Spanish Grand Prix - qualifying,2000-05-06
665,2000 European Grand Prix - qualifying,2000-05-20
672,2000 Monaco Grand Prix - qualifying,2000-06-03
664,2000 Canadian Grand Prix - qualifying,2000-06-17
666,2000 French Grand Prix - qualifying,2000-07-01
660,2000 Austrian Grand Prix - qualifying,2000-07-15
667,2000 German Grand Prix - qualifying,2000-07-29
668,2000 Hungarian Grand Prix - qualifying,2000-08-12
661,2000 Belgian Grand Prix - qualifying,2000-08-26
669,2000 Italian Grand Prix - qualifying,2000-09-09
675,2000 United States Grand Prix - qualifying,2000-09-23
670,2000 Japanese Grand Prix - qualifying,2000-10-07
671,2000 Malaysian Grand Prix - qualifying,2000-10-21
676,2001 Australian Grand Prix - qualifying,2001-03-03
688,2001 Malaysian Grand Prix - qualifying,2001-03-17
679,2001 Brazilian Grand Prix - qualifying,2001-03-31
690,2001 San Marino Grand Prix - qualifying,2001-04-14
691,2001 Spanish Grand Prix - qualifying,2001-04-28
677,2001 Austrian Grand Prix - qualifying,2001-05-12
689,2001 Monaco Grand Prix - qualifying,2001-05-26
681,2001 Canadian Grand Prix - qualifying,2001-06-09
682,2001 European Grand Prix - qualifying,2001-06-23
683,2001 French Grand Prix - qualifying,2001-06-30
680,2001 British Grand Prix - qualifying,2001-07-14
684,2001 German Grand Prix - qualifying,2001-07-28
685,2001 Hungarian Grand Prix - qualifying,2001-08-18
678,2001 Belgian Grand Prix - qualifying,2001-09-01
686,2001 Italian Grand Prix - qualifying,2001-09-15
692,2001 United States Grand Prix - qualifying,2001-09-29
687,2001 Japanese Grand Prix - qualifying,2001-10-13
693,2002 Australian Grand Prix - qualifying,2002-03-02
705,2002 Malaysian Grand Prix - qualifying,2002-03-16
696,2002 Brazilian Grand Prix - qualifying,2002-03-30
707,2002 San Marino Grand Prix - qualifying,2002-04-13
708,2002 Spanish Grand Prix - qualifying,2002-04-27
694,2002 Austrian Grand Prix - qualifying,2002-05-11
706,2002 Monaco Grand Prix - qualifying,2002-05-25
698,2002 Canadian Grand Prix - qualifying,2002-06-08
699,2002 European Grand Prix - qualifying,2002-06-22
697,2002 British Grand Prix - qualifying,2002-07-06
700,2002 French Grand Prix - qualifying,2002-07-20
701,2002 German Grand Prix - qualifying,2002-07-27
702,2002 Hungarian Grand Prix - qualifying,2002-08-17
695,2002 Belgian Grand Prix - qualifying,2002-08-31
703,2002 Italian Grand Prix - qualifying,2002-09-14
709,2002 United States Grand Prix - qualifying,2002-09-28
704,2002 Japanese Grand Prix - qualifying,2002-10-12
710,2003 Australian Grand Prix - qualifying,2003-03-08
721,2003 Malaysian Grand Prix - qualifying,2003-03-22
712,2003 Brazilian Grand Prix - qualifying,2003-04-05
723,2003 San Marino Grand Prix - qualifying,2003-04-19
724,2003 Spanish Grand Prix - qualifying,2003-05-03
711,2003 Austrian Grand Prix - qualifying,2003-05-17
722,2003 Monaco Grand Prix - qualifying,2003-05-31
714,2003 Canadian Grand Prix - qualifying,2003-06-14
715,2003 European Grand Prix - qualifying,2003-06-28
716,2003 French Grand Prix - qualifying,2003-07-05
713,2003 British Grand Prix - qualifying,2003-07-19
717,2003 German Grand Prix - qualifying,2003-08-02
718,2003 Hungarian Grand Prix - qualifying,2003-08-23
719,2003 Italian Grand Prix - qualifying,2003-09-13
725,2003 United States Grand Prix - qualifying,2003-09-27
720,2003 Japanese Grand Prix - qualifying,2003-10-11
726,2004 Australian Grand Prix - qualifying,2004-03-06
739,2004 Malaysian Grand Prix - qualifying,2004-03-20
727,2004 Bahrain Grand Prix - qualifying,2004-04-03
741,2004 San Marino Grand Prix - qualifying,2004-04-24
742,2004 Spanish Grand Prix - qualifying,2004-05-08
740,2004 Monaco Grand Prix - qualifying,2004-05-22
733,2004 European Grand Prix - qualifying,2004-05-29
731,2004 Canadian Grand Prix - qualifying,2004-06-12
743,2004 United States Grand Prix - qualifying,2004-06-19
734,2004 French Grand Prix - qualifying,2004-07-03
730,2004 British Grand Prix - qualifying,2004-07-10
735,2004 German Grand Prix - qualifying,2004-07-24
736,2004 Hungarian Grand Prix - qualifying,2004-08-14
728,2004 Belgian Grand Prix - qualifying,2004-08-28
737,2004 Italian Grand Prix - qualifying,2004-09-11
732,2004 Chinese Grand Prix - qualifying,2004-09-25
738,2004 Japanese Grand Prix - qualifying,2004-10-09
729,2004 Brazilian Grand Prix - qualifying,2004-10-23
744,2005 Australian Grand Prix - qualifying,2005-03-05
757,2005 Malaysian Grand Prix - qualifying,2005-03-19
745,2005 Bahrain Grand Prix - qualifying,2005-04-02
759,2005 San Marino Grand Prix - qualifying,2005-04-23
760,2005 Spanish Grand Prix - qualifying,2005-05-07
758,2005 Monaco Grand Prix - qualifying,2005-05-21
751,2005 European Grand Prix - qualifying,2005-05-28
749,2005 Canadian Grand Prix - qualifying,2005-06-11
762,2005 United States Grand Prix - qualifying,2005-06-18
752,2005 French Grand Prix - qualifying,2005-07-02
748,2005 British Grand Prix - qualifying,2005-07-09
753,2005 German Grand Prix - qualifying,2005-07-23
754,2005 Hungarian Grand Prix - qualifying,2005-07-30
761,2005 Turkish Grand Prix - qualifying,2005-08-20
755,2005 Italian Grand Prix - qualifying,2005-09-03
746,2005 Belgian Grand Prix - qualifying,2005-09-10
747,2005 Brazilian Grand Prix - qualifying,2005-09-24
756,2005 Japanese Grand Prix - qualifying,2005-10-08
750,2005 Chinese Grand Prix - qualifying,2005-10-15
764,2006 Bahrain Grand Prix - qualifying,2006-03-11
775,2006 Malaysian Grand Prix - qualifying,2006-03-18
763,2006 Australian Grand Prix - qualifying,2006-04-01
777,2006 San Marino Grand Prix - qualifying,2006-04-22
769,2006 European Grand Prix - qualifying,2006-05-06
778,2006 Spanish Grand Prix - qualifying,2006-05-13
776,2006 Monaco Grand Prix - qualifying,2006-05-27
766,2006 British Grand Prix - qualifying,2006-06-10
767,2006 Canadian Grand Prix - qualifying,2006-06-24
780,2006 United States Grand Prix - qualifying,2006-07-01
770,2006 French Grand Prix - qualifying,2006-07-15
771,2006 German Grand Prix - qualifying,2006-07-29
772,2006 Hungarian Grand Prix - qualifying,2006-08-05
779,2006 Turkish Grand Prix - qualifying,2006-08-26
773,2006 Italian Grand Prix - qualifying,2006-09-09
768,2006 Chinese Grand Prix - qualifying,2006-09-30
774,2006 Japanese Grand Prix - qualifying,2006-10-07
765,2006 Brazilian Grand Prix - qualifying,2006-10-21
781,2007 Australian Grand Prix - qualifying,2007-03-17
793,2007 Malaysian Grand Prix - qualifying,2007-04-07
782,2007 Bahrain Grand Prix - qualifying,2007-04-14
795,2007 Spanish Grand Prix - qualifying,2007-05-12
794,2007 Monaco Grand Prix - qualifying,2007-05-26
786,2007 Canadian Grand Prix - qualifying,2007-06-09
797,2007 United States Grand Prix - qualifying,2007-06-16
789,2007 French Grand Prix - qualifying,2007-06-30
785,2007 British Grand Prix - qualifying,2007-07-07
788,2007 European Grand Prix - qualifying,2007-07-21
790,2007 Hungarian Grand Prix - qualifying,2007-08-04
796,2007 Turkish Grand Prix - qualifying,2007-08-25
791,2007 Italian Grand Prix - qualifying,2007-09-08
783,2007 Belgian Grand Prix - qualifying,2007-09-15
792,2007 Japanese Grand Prix - qualifying,2007-09-29
787,2007 Chinese Grand Prix - qualifying,2007-10-06
784,2007 Brazilian Grand Prix - qualifying,2007-10-20
798,2008 Australian Grand Prix - qualifying,2008-03-15
811,2008 Malaysian Grand Prix - qualifying,2008-03-22
799,2008 Bahrain Grand Prix - qualifying,2008-04-05
814,2008 Spanish Grand Prix - qualifying,2008-04-26
815,2008 Turkish Grand Prix - qualifying,2008-05-10
812,2008 Monaco Grand Prix - qualifying,2008-05-24
803,2008 Canadian Grand Prix - qualifying,2008-06-07
806,2008 French Grand Prix - qualifying,2008-06-21
802,2008 British Grand Prix - qualifying,2008-07-05
807,2008 German Grand Prix - qualifying,2008-07-19
808,2008 Hungarian Grand Prix - qualifying,2008-08-02
805,2008 European Grand Prix - qualifying,2008-08-23
800,2008 Belgian Grand Prix - qualifying,2008-09-06
809,2008 Italian Grand Prix - qualifying,2008-09-13
813,2008 Singapore Grand Prix - qualifying,2008-09-27
810,2008 Japanese Grand Prix - qualifying,2008-10-11
804,2008 Chinese Grand Prix - qualifying,2008-10-18
801,2008 Brazilian Grand Prix - qualifying,2008-11-01
817,2009 Australian Grand Prix - qualifying,2009-03-28
828,2009 Malaysian Grand Prix - qualifying,2009-04-04
822,2009 Chinese Grand Prix - qualifying,2009-04-18
818,2009 Bahrain Grand Prix - qualifying,2009-04-25
831,2009 Spanish Grand Prix - qualifying,2009-05-09
829,2009 Monaco Grand Prix - qualifying,2009-05-23
832,2009 Turkish Grand Prix - qualifying,2009-06-06
821,2009 British Grand Prix - qualifying,2009-06-20
824,2009 German Grand Prix - qualifying,2009-07-11
825,2009 Hungarian Grand Prix - qualifying,2009-07-25
823,2009 European Grand Prix - qualifying,2009-08-22
819,2009 Belgian Grand Prix - qualifying,2009-08-29
826,2009 Italian Grand Prix - qualifying,2009-09-12
830,2009 Singapore Grand Prix - qualifying,2009-09-26
827,2009 Japanese Grand Prix - qualifying,2009-10-03
820,2009 Brazilian Grand Prix - qualifying,2009-10-17
816,2009 Abu Dhabi Grand Prix - qualifying,2009-10-31
835,2010 Bahrain Grand Prix - qualifying,2010-03-13
834,2010 Australian Grand Prix - qualifying,2010-03-27
847,2010 Malaysian Grand Prix - qualifying,2010-04-03
840,2010 Chinese Grand Prix - qualifying,2010-04-17
850,2010 Spanish Grand Prix - qualifying,2010-05-08
848,2010 Monaco Grand Prix - qualifying,2010-05-15
851,2010 Turkish Grand Prix - qualifying,2010-05-29
839,2010 Canadian Grand Prix - qualifying,2010-06-12
841,2010 European Grand Prix - qualifying,2010-06-26
838,2010 British Grand Prix - qualifying,2010-07-10
842,2010 German Grand Prix - qualifying,2010-07-24
843,2010 Hungarian Grand Prix - qualifying,2010-07-31
836,2010 Belgian Grand Prix - qualifying,2010-08-28
844,2010 Italian Grand Prix - qualifying,2010-09-11
849,2010 Singapore Grand Prix - qualifying,2010-09-25
845,2010 Japanese Grand Prix - qualifying,2010-10-09
846,2010 Korean Grand Prix - qualifying,2010-10-23
837,2010 Brazilian Grand Prix - qualifying,2010-11-06
833,2010 Abu Dhabi Grand Prix - qualifying,2010-11-13
853,2011 Australian Grand Prix - qualifying,2011-03-26
866,2011 Malaysian Grand Prix - qualifying,2011-04-09
858,2011 Chinese Grand Prix - qualifying,2011-04-16
870,2011 Turkish Grand Prix - qualifying,2011-05-07
869,2011 Spanish Grand Prix - qualifying,2011-05-21
867,2011 Monaco Grand Prix - qualifying,2011-05-28
857,2011 Canadian Grand Prix - qualifying,2011-06-11
859,2011 European Grand Prix - qualifying,2011-06-25
856,2011 British Grand Prix - qualifying,2011-07-09
860,2011 German Grand Prix - qualifying,2011-07-23
861,2011 Hungarian Grand Prix - qualifying,2011-07-30
854,2011 Belgian Grand Prix - qualifying,2011-08-27
863,2011 Italian Grand Prix - qualifying,2011-09-10
868,2011 Singapore Grand Prix - qualifying,2011-09-24
864,2011 Japanese Grand Prix - qualifying,2011-10-08
865,2011 Korean Grand Prix - qualifying,2011-10-15
862,2011 Indian Grand Prix - qualifying,2011-10-29
852,2011 Abu Dhabi Grand Prix - qualifying,2011-11-12
855,2011 Brazilian Grand Prix - qualifying,2011-11-26
872,2012 Australian Grand Prix - qualifying,2012-03-17
886,2012 Malaysian Grand Prix - qualifying,2012-03-24
878,2012 Chinese Grand Prix - qualifying,2012-04-14
873,2012 Bahrain Grand Prix - qualifying,2012-04-21
889,2012 Spanish Grand Prix - qualifying,2012-05-12
887,2012 Monaco Grand Prix - qualifying,2012-05-26
877,2012 Canadian Grand Prix - qualifying,2012-06-09
879,2012 European Grand Prix - qualifying,2012-06-23
876,2012 British Grand Prix - qualifying,2012-07-07
880,2012 German Grand Prix - qualifying,2012-07-21
881,2012 Hungarian Grand Prix - qualifying,2012-07-28
874,2012 Belgian Grand Prix - qualifying,2012-09-01
883,2012 Italian Grand Prix - qualifying,2012-09-08
888,2012 Singapore Grand Prix - qualifying,2012-09-22
884,2012 Japanese Grand Prix - qualifying,2012-10-06
885,2012 Korean Grand Prix - qualifying,2012-10-13
882,2012 Indian Grand Prix - qualifying,2012-10-27
871,2012 Abu Dhabi Grand Prix - qualifying,2012-11-03
890,2012 United States Grand Prix - qualifying,2012-11-17
875,2012 Brazilian Grand Prix - qualifying,2012-11-24
892,2013 Australian Grand Prix - qualifying,2013-03-16
905,2013 Malaysian Grand Prix - qualifying,2013-03-23
898,2013 Chinese Grand Prix - qualifying,2013-04-13
893,2013 Bahrain Grand Prix - qualifying,2013-04-20
908,2013 Spanish Grand Prix - qualifying,2013-05-11
906,2013 Monaco Grand Prix - qualifying,2013-05-25
897,2013 Canadian Grand Prix - qualifying,2013-06-08
896,2013 British Grand Prix - qualifying,2013-06-29
899,2013 German Grand Prix - qualifying,2013-07-06
900,2013 Hungarian Grand Prix - qualifying,2013-07-27
894,2013 Belgian Grand Prix - qualifying,2013-08-24
902,2013 Italian Grand Prix - qualifying,2013-09-07
907,2013 Singapore Grand Prix - qualifying,2013-09-21
904,2013 Korean Grand Prix - qualifying,2013-10-05
903,2013 Japanese Grand Prix - qualifying,2013-10-12
901,2013 Indian Grand Prix - qualifying,2013-10-26
891,2013 Abu Dhabi Grand Prix - qualifying,2013-11-02
909,2013 United States Grand Prix - qualifying,2013-11-16
895,2013 Brazilian Grand Prix - qualifying,2013-11-23
910,2014 Australian Grand Prix - qualifying,2014-03-15
921,2014 Malaysian Grand Prix - qualifying,2014-03-29
912,2014 Bahrain Grand Prix - qualifying,2014-04-05
916,2014 Chinese Grand Prix - qualifying,2014-04-19
925,2014 Spanish Grand Prix - qualifying,2014-05-10
922,2014 Monaco Grand Prix - qualifying,2014-05-24
915,2014 Canadian Grand Prix - qualifying,2014-06-07
911,2014 Austrian Grand Prix - qualifying,2014-06-21
914,2014 British Grand Prix - qualifying,2014-07-05
917,2014 German Grand Prix - qualifying,2014-07-19
918,2014 Hungarian Grand Prix - qualifying,2014-07-26
913,2014 Belgian Grand Prix - qualifying,2014-08-23
919,2014 Italian Grand Prix - qualifying,2014-09-06
924,2014 Singapore Grand Prix - qualifying,2014-09-20
920,2014 Japanese Grand Prix - qualifying,2014-10-04
923,2014 Russian Grand Prix - qualifying,2014-10-11
