0,chicane-f1/csv/1954AugustCupFinalClassification1.csv,,,
1,chicane-f1/csv/1954AugustCupHeat1Classification1.csv,,,
2,chicane-f1/csv/1954AugustCupHeat1Qualification1.csv,,,
3,chicane-f1/csv/1954AugustCupHeat2Classification1.csv,,,
4,chicane-f1/csv/1954AugustCupQualification1.csv,,,
5,chicane-f1/csv/1954BARCRaceClassification1.csv,,,
6,chicane-f1/csv/1954BARCRaceQualification1.csv,,,
7,chicane-f1/csv/1954BariGPFinalClassification1.csv,,,
8,chicane-f1/csv/1954BariGPQualification1.csv,,,
9,chicane-f1/csv/1954BerlinGPClassification1.csv,,,
10,chicane-f1/csv/1954BerlinGPQualification1.csv,,,
11,chicane-f1/csv/1954BernaurennenClassification1.csv,,,
12,chicane-f1/csv/1954BordeauxGPAggregateTimings1.csv,,,
13,chicane-f1/csv/1954BordeauxGPQualification1.csv,,,
14,chicane-f1/csv/1954BRDCInternationalTrophyClassification1.csv,,,
15,chicane-f1/csv/1954BRDCInternationalTrophyHeat1Classification1.csv,,,
16,chicane-f1/csv/1954BRDCInternationalTrophyHeat1Qualification1.csv,,,
17,chicane-f1/csv/1954BRDCInternationalTrophyHeat2Classification1.csv,,,
18,chicane-f1/csv/1954BRDCInternationalTrophyQualification1.csv,,,
19,chicane-f1/csv/1954CadoursCircuitFinalClassification1.csv,,,
20,chicane-f1/csv/1954CadoursCircuitHeat1Classification1.csv,,,
21,chicane-f1/csv/1954CadoursCircuitHeat2Classification1.csv,,,
22,chicane-f1/csv/1954CaenGPFinalClassification1.csv,,,
23,chicane-f1/csv/1954CaenGPQualification1.csv,,,
24,chicane-f1/csv/1954CornwallMRCRaceClassification1.csv,,,
25,chicane-f1/csv/1954CrystalPalaceTrophyAggregateTimings1.csv,,,
26,chicane-f1/csv/1954CrystalPalaceTrophyHeat1Classification1.csv,,,
27,chicane-f1/csv/1954CrystalPalaceTrophyHeat1Qualification1.csv,,,
28,chicane-f1/csv/1954CrystalPalaceTrophyHeat2Classification1.csv,,,
29,chicane-f1/csv/1954CrystalPalaceTrophyQualification1.csv,,,
30,chicane-f1/csv/1954CurtisTrophyClassification1.csv,,,
31,chicane-f1/csv/1954CurtisTrophyQualification1.csv,,,
32,chicane-f1/csv/1954DailyTelegraphTrophyClassification1.csv,,,
33,chicane-f1/csv/1954DailyTelegraphTrophyQualification1.csv,,,
34,chicane-f1/csv/1954DresdenHellerauRaceClassification1.csv,,,
35,chicane-f1/csv/1954FrontièresGPFinalClassification1.csv,,,
36,chicane-f1/csv/1954FrontièresGPQualification1.csv,,,
37,chicane-f1/csv/1954GoodwoodTrophyAggregateTimings1.csv,,,
38,chicane-f1/csv/1954GoodwoodTrophyQualification1.csv,,,
39,chicane-f1/csv/1954HalleSaaleRoadRaceFinalClassification1.csv,,,
40,chicane-f1/csv/1954InternationalGoldCupClassification1.csv,,,
41,chicane-f1/csv/1954InternationalGoldCupQualification1.csv,,,
42,chicane-f1/csv/1954JoeFryMemorialTrophyClassification1.csv,,,
43,chicane-f1/csv/1954LavantCupClassification1.csv,,,
44,chicane-f1/csv/1954LavantCupQualification1.csv,,,
45,chicane-f1/csv/1954MadgwickCupClassification1.csv,,,
46,chicane-f1/csv/1954MadgwickCupQualification1.csv,,,
47,chicane-f1/csv/1954PauGPFinalClassification1.csv,,,
48,chicane-f1/csv/1954PauGPQualification1.csv,,,
49,chicane-f1/csv/1954PescaraCircuitClassification1.csv,,,
50,chicane-f1/csv/1954PescaraCircuitQualification1.csv,,,
51,chicane-f1/csv/1954RedeXTrophyAggregateTimings1.csv,,,
52,chicane-f1/csv/1954RioGPFinalClassification1.csv,,,
53,chicane-f1/csv/1954RomeGPFinalClassification1.csv,,,
54,chicane-f1/csv/1954RomeGPQualification1.csv,,,
55,chicane-f1/csv/1954RouenGPAggregateTimings1.csv,,,
56,chicane-f1/csv/1954RouenGPQualification1.csv,,,
57,chicane-f1/csv/1954SachsenringRaceClassification1.csv,,,
58,chicane-f1/csv/1954SyracuseGPClassification1.csv,,,
59,chicane-f1/csv/1954SyracuseGPQualification1.csv,,,
60,chicane-f1/csv/1955AlbiGPAggregateTimings1.csv,,,
61,chicane-f1/csv/1955AlbiGPQualification1.csv,,,
62,chicane-f1/csv/1955AvonTrophyAggregateTimings1.csv,,,
63,chicane-f1/csv/1955AvonTrophyQualification1.csv,,,
64,chicane-f1/csv/1955BordeauxGPFinalClassification1.csv,,,
65,chicane-f1/csv/1955BordeauxGPQualification1.csv,,,
66,chicane-f1/csv/1955BRDCInternationalTrophyFinalClassification1.csv,,,
67,chicane-f1/csv/1955BRDCInternationalTrophyQualification1.csv,,,
68,chicane-f1/csv/1955CornwallMRCRaceAggregateTimings1.csv,,,
69,chicane-f1/csv/1955CurtisTrophyClassification1.csv,,,
70,chicane-f1/csv/1955CurtisTrophyQualification1.csv,,,
71,chicane-f1/csv/1955DailyRecordTrophyClassification1.csv,,,
72,chicane-f1/csv/1955DailyRecordTrophyHeat1Classification1.csv,,,
73,chicane-f1/csv/1955DailyRecordTrophyHeat2Classification1.csv,,,
74,chicane-f1/csv/1955DailyRecordTrophyQualification1.csv,,,
75,chicane-f1/csv/1955DailyTelegraphTrophyFinalClassification1.csv,,,
76,chicane-f1/csv/1955DailyTelegraphTrophyQualification1.csv,,,
77,chicane-f1/csv/1955GloverTrophyAggregateTimings1.csv,,,
78,chicane-f1/csv/1955GloverTrophyQualification1.csv,,,
79,chicane-f1/csv/1955InternationalGoldCupFinalClassification1.csv,,,
80,chicane-f1/csv/1955InternationalGoldCupQualification1.csv,,,
81,chicane-f1/csv/1955LavantCupClassification1.csv,,,
82,chicane-f1/csv/1955LavantCupQualification1.csv,,,
83,chicane-f1/csv/1955LondonTrophyAggregateTimings1.csv,,,
84,chicane-f1/csv/1955LondonTrophyHeat1Classification1.csv,,,
85,chicane-f1/csv/1955LondonTrophyHeat1Qualification1.csv,,,
86,chicane-f1/csv/1955LondonTrophyHeat2Classification1.csv,,,
87,chicane-f1/csv/1955LondonTrophyQualification1.csv,,,
88,chicane-f1/csv/1955NaplesGPFinalClassification1.csv,,,
89,chicane-f1/csv/1955NaplesGPQualification1.csv,,,
90,chicane-f1/csv/1955PauGPAggregateTimings1.csv,,,
91,chicane-f1/csv/1955PauGPQualification1.csv,,,
92,chicane-f1/csv/1955RedeXTrophyFinalClassification1.csv,,,
93,chicane-f1/csv/1955RedeXTrophyQualification1.csv,,,
94,chicane-f1/csv/1955SyracuseGPClassification1.csv,,,
95,chicane-f1/csv/1955SyracuseGPQualification1.csv,,,
96,chicane-f1/csv/1955TurinGPAggregateTimings1.csv,,,
97,chicane-f1/csv/1955TurinGPQualification1.csv,,,
98,chicane-f1/csv/1956Aintree100AggregateTimings1.csv,,,
99,chicane-f1/csv/1956Aintree100Qualification1.csv,,,
100,chicane-f1/csv/1956Aintree200FinalClassification1.csv,,,
101,chicane-f1/csv/1956Aintree200Qualification1.csv,,,
102,chicane-f1/csv/1956BankHolidayAggregateTimings1.csv,,,
103,chicane-f1/csv/1956BankHolidayQualification1.csv,,,
104,chicane-f1/csv/1956BRDCInternationalTrophyAggregateTimings1.csv,,,
105,chicane-f1/csv/1956BRDCInternationalTrophyQualification1.csv,,,
106,chicane-f1/csv/1956BritishGPSupportRaceAggregateTimings1.csv,,,
107,chicane-f1/csv/1956BritishGPSupportRaceQualification1.csv,,,
108,chicane-f1/csv/1956BRSCCRaceFinalClassification1.csv,,,
109,chicane-f1/csv/1956BRSCCRaceQualification1.csv,,,
110,chicane-f1/csv/1956BuenosAiresGPAggregateTimings1.csv,,,
111,chicane-f1/csv/1956BuenosAiresGPQualification1.csv,,,
112,chicane-f1/csv/1956CaenGPClassification1.csv,,,
113,chicane-f1/csv/1956CaenGPQualification1.csv,,,
114,chicane-f1/csv/1956GloverTrophyClassification1.csv,,,
115,chicane-f1/csv/1956GloverTrophyQualification1.csv,,,
116,chicane-f1/csv/1956InternationalGoldCupAggregateTimings1.csv,,,
117,chicane-f1/csv/1956InternationalGoldCupQualification1.csv,,,
118,chicane-f1/csv/1956NaplesGPFinalClassification1.csv,,,
119,chicane-f1/csv/1956NaplesGPQualification1.csv,,,
120,chicane-f1/csv/1956SussexTrophyAggregateTimings1.csv,,,
121,chicane-f1/csv/1956SussexTrophyQualification1.csv,,,
122,chicane-f1/csv/1956SyracuseGPClassification1.csv,,,
123,chicane-f1/csv/1956SyracuseGPQualification1.csv,,,
124,chicane-f1/csv/1956VanwallTrophyAggregateTimings1.csv,,,
125,chicane-f1/csv/1956VanwallTrophyQualification1.csv,,,
126,chicane-f1/csv/1957BRDCInternationalTrophyAggregateTimings1.csv,,,
127,chicane-f1/csv/1957BRDCInternationalTrophyHeat1Classification1.csv,,,
128,chicane-f1/csv/1957BRDCInternationalTrophyHeat1Qualification1.csv,,,
129,chicane-f1/csv/1957BRDCInternationalTrophyHeat2Classification1.csv,,,
130,chicane-f1/csv/1957BRDCInternationalTrophyQualification1.csv,,,
131,chicane-f1/csv/1957BuenosAiresGPFinalClassification1.csv,,,
132,chicane-f1/csv/1957BuenosAiresGPHeat1Classification1.csv,,,
133,chicane-f1/csv/1957BuenosAiresGPHeat1Qualification1.csv,,,
134,chicane-f1/csv/1957BuenosAiresGPHeat2Classification1.csv,,,
135,chicane-f1/csv/1957CaenGPFinalClassification1.csv,,,
136,chicane-f1/csv/1957CaenGPQualification1.csv,,,
137,chicane-f1/csv/1957GloverTrophyFinalClassification1.csv,,,
138,chicane-f1/csv/1957GloverTrophyQualification1.csv,,,
139,chicane-f1/csv/1957LavantCupClassification1.csv,,,
140,chicane-f1/csv/1957LavantCupQualification1.csv,,,
141,chicane-f1/csv/1957MaidstoneandMidKentMCAggregateTimings1.csv,,,
142,chicane-f1/csv/1957ModenaGPClassification1.csv,,,
143,chicane-f1/csv/1957ModenaGPHeat1Classification1.csv,,,
144,chicane-f1/csv/1957ModenaGPHeat1Qualification1.csv,,,
145,chicane-f1/csv/1957ModenaGPHeat2Classification1.csv,,,
146,chicane-f1/csv/1957MoroccanGPAggregateTimings1.csv,,,
147,chicane-f1/csv/1957MoroccanGPQualification1.csv,,,
148,chicane-f1/csv/1957NaplesGPFinalClassification1.csv,,,
149,chicane-f1/csv/1957NaplesGPQualification1.csv,,,
150,chicane-f1/csv/1957PauGPAggregateTimings1.csv,,,
151,chicane-f1/csv/1957PauGPQualification1.csv,,,
152,chicane-f1/csv/1957ReimsGPFinalClassification1.csv,,,
153,chicane-f1/csv/1957ReimsGPQualification1.csv,,,
154,chicane-f1/csv/1957SyracuseGPAggregateTimings1.csv,,,
155,chicane-f1/csv/1957SyracuseGPQualification1.csv,,,
156,chicane-f1/csv/1958Aintree200Classification1.csv,,,
157,chicane-f1/csv/1958Aintree200Qualification1.csv,,,
158,chicane-f1/csv/1958BRDCInternationalTrophyClassification1.csv,,,
159,chicane-f1/csv/1958BRDCInternationalTrophyQualification1.csv,,,
160,chicane-f1/csv/1958CaenGPClassification1.csv,,,
161,chicane-f1/csv/1958CaenGPQualification1.csv,,,
162,chicane-f1/csv/1958GloverTrophyClassification1.csv,,,
163,chicane-f1/csv/1958GloverTrophyQualification1.csv,,,
164,chicane-f1/csv/1958SyracuseGPFinalClassification1.csv,,,
165,chicane-f1/csv/1958SyracuseGPQualification1.csv,,,
166,chicane-f1/csv/1959Aintree200AggregateTimings1.csv,,,
167,chicane-f1/csv/1959Aintree200Qualification1.csv,,,
168,chicane-f1/csv/1959BRDCInternationalTrophyFinalClassification1.csv,,,
169,chicane-f1/csv/1959BRDCInternationalTrophyQualification1.csv,,,
170,chicane-f1/csv/1959GloverTrophyClassification1.csv,,,
171,chicane-f1/csv/1959GloverTrophyQualification1.csv,,,
172,chicane-f1/csv/1959InternationalGoldCupFinalClassification1.csv,,,
173,chicane-f1/csv/1959InternationalGoldCupQualification1.csv,,,
174,chicane-f1/csv/1959SilverCityTrophyAggregateTimings1.csv,,,
175,chicane-f1/csv/1959SilverCityTrophyQualification1.csv,,,
176,chicane-f1/csv/1960AustralianGPAggregateTimings1.csv,,,
177,chicane-f1/csv/1960BRDCInternationalTrophyFinalClassification1.csv,,,
178,chicane-f1/csv/1960BRDCInternationalTrophyQualification1.csv,,,
179,chicane-f1/csv/1960BuenosAiresGPAggregateTimings1.csv,,,
180,chicane-f1/csv/1960CapeGPAggregateTimings1.csv,,,
181,chicane-f1/csv/1960GloverTrophyFinalClassification1.csv,,,
182,chicane-f1/csv/1960GloverTrophyQualification1.csv,,,
183,chicane-f1/csv/1960InternationalGoldCupFinalClassification1.csv,,,
184,chicane-f1/csv/1960InternationalGoldCupQualification1.csv,,,
185,chicane-f1/csv/1960LombankTrophyFinalClassification1.csv,,,
186,chicane-f1/csv/1960LombankTrophyQualification1.csv,,,
187,chicane-f1/csv/1960NewZealandGPClassification1.csv,,,
188,chicane-f1/csv/1960NewZealandGPQualification1.csv,,,
189,chicane-f1/csv/1960SilverCityTrophyAggregateTimings1.csv,,,
190,chicane-f1/csv/1960SilverCityTrophyQualification1.csv,,,
191,chicane-f1/csv/1960SouthAfricanGPFinalClassification1.csv,,,
192,chicane-f1/csv/1960SouthAfricanGPQualification1.csv,,,
193,chicane-f1/csv/1961Aintree200AggregateTimings1.csv,,,
194,chicane-f1/csv/1961Aintree200Qualification1.csv,,,
195,chicane-f1/csv/1961AustralianGPClassification1.csv,,,
196,chicane-f1/csv/1961BrusselsGPFinalClassification1.csv,,,
197,chicane-f1/csv/1961BrusselsGPHeat1Classification1.csv,,,
198,chicane-f1/csv/1961BrusselsGPHeat1Qualification1.csv,,,
199,chicane-f1/csv/1961BrusselsGPHeat2Classification1.csv,,,
200,chicane-f1/csv/1961CoppaItaliaClassification1.csv,,,
201,chicane-f1/csv/1961CoppaItaliaHeat1Classification1.csv,,,
202,chicane-f1/csv/1961CoppaItaliaHeat1Qualification1.csv,,,
203,chicane-f1/csv/1961CoppaItaliaHeat2Classification1.csv,,,
204,chicane-f1/csv/1961DanishGPClassification1.csv,,,
205,chicane-f1/csv/1961DanishGPHeat1Classification1.csv,,,
206,chicane-f1/csv/1961DanishGPHeat1Qualification1.csv,,,
207,chicane-f1/csv/1961DanishGPHeat2Classification1.csv,,,
208,chicane-f1/csv/1961FlugplatzrennenClassification1.csv,,,
209,chicane-f1/csv/1961FlugplatzrennenQualification1.csv,,,
210,chicane-f1/csv/1961GloverTrophyClassification1.csv,,,
211,chicane-f1/csv/1961GloverTrophyQualification1.csv,,,
212,chicane-f1/csv/1961InternationalGoldCupClassification1.csv,,,
213,chicane-f1/csv/1961InternationalGoldCupQualification1.csv,,,
214,chicane-f1/csv/1961KanonloppetAggregateTimings1.csv,,,
215,chicane-f1/csv/1961KanonloppetQualification1.csv,,,
216,chicane-f1/csv/1961LavantCupAggregateTimings1.csv,,,
217,chicane-f1/csv/1961LavantCupQualification1.csv,,,
218,chicane-f1/csv/1961LewisEvansTrophyClassification1.csv,,,
219,chicane-f1/csv/1961LewisEvansTrophyQualification1.csv,,,
220,chicane-f1/csv/1961LombankTrophyAggregateTimings1.csv,,,
221,chicane-f1/csv/1961LombankTrophyQualification1.csv,,,
222,chicane-f1/csv/1961LondonTrophyFinalClassification1.csv,,,
223,chicane-f1/csv/1961LondonTrophyQualification1.csv,,,
224,chicane-f1/csv/1961ModenaGPFinalClassification1.csv,,,
225,chicane-f1/csv/1961ModenaGPQualification1.csv,,,
226,chicane-f1/csv/1961NaplesGPAggregateTimings1.csv,,,
227,chicane-f1/csv/1961NaplesGPQualification1.csv,,,
228,chicane-f1/csv/1961NatalGPClassification1.csv,,,
229,chicane-f1/csv/1961NatalGPQualification1.csv,,,
230,chicane-f1/csv/1961NewZealandGPFinalClassification1.csv,,,
231,chicane-f1/csv/1961NewZealandGPQualification1.csv,,,
232,chicane-f1/csv/1961PauGPFinalClassification1.csv,,,
233,chicane-f1/csv/1961PauGPQualification1.csv,,,
234,chicane-f1/csv/1961RandGPClassification1.csv,,,
235,chicane-f1/csv/1961RandGPQualification1.csv,,,
236,chicane-f1/csv/1961SilverCityTrophyClassification1.csv,,,
237,chicane-f1/csv/1961SilverCityTrophyQualification1.csv,,,
238,chicane-f1/csv/1961SolitudeGPAggregateTimings1.csv,,,
239,chicane-f1/csv/1961SolitudeGPQualification1.csv,,,
240,chicane-f1/csv/1961SouthAfricanGPClassification1.csv,,,
241,chicane-f1/csv/1961SouthAfricanGPQualification1.csv,,,
242,chicane-f1/csv/1961SyracuseGPAggregateTimings1.csv,,,
243,chicane-f1/csv/1961SyracuseGPQualification1.csv,,,
244,chicane-f1/csv/1961ViennaGPAggregateTimings1.csv,,,
245,chicane-f1/csv/1961ViennaGPQualification1.csv,,,
246,chicane-f1/csv/1962Aintree200FinalClassification1.csv,,,
247,chicane-f1/csv/1962Aintree200Qualification1.csv,,,
248,chicane-f1/csv/1962AustralianGPClassification1.csv,,,
249,chicane-f1/csv/1962BRDCInternationalTrophyClassification1.csv,,,
250,chicane-f1/csv/1962BRDCInternationalTrophyQualification1.csv,,,
251,chicane-f1/csv/1962BrusselsGPFinalClassification1.csv,,,
252,chicane-f1/csv/1962BrusselsGPHeat1Classification1.csv,,,
253,chicane-f1/csv/1962BrusselsGPHeat1Qualification1.csv,,,
254,chicane-f1/csv/1962BrusselsGPHeat2Classification1.csv,,,
255,chicane-f1/csv/1962CapeGPFinalClassification1.csv,,,
256,chicane-f1/csv/1962CapeGPQualification1.csv,,,
257,chicane-f1/csv/1962CrystalPalaceTrophyAggregateTimings1.csv,,,
258,chicane-f1/csv/1962CrystalPalaceTrophyQualification1.csv,,,
259,chicane-f1/csv/1962DanishGPFinalClassification1.csv,,,
260,chicane-f1/csv/1962DanishGPHeat1Classification1.csv,,,
261,chicane-f1/csv/1962DanishGPHeat1Qualification1.csv,,,
262,chicane-f1/csv/1962DanishGPHeat2Classification1.csv,,,
263,chicane-f1/csv/1962GloverTrophyFinalClassification1.csv,,,
264,chicane-f1/csv/1962GloverTrophyQualification1.csv,,,
265,chicane-f1/csv/1962International2000GuineasFinalClassification1.csv,,,
266,chicane-f1/csv/1962International2000GuineasQualification1.csv,,,
267,chicane-f1/csv/1962InternationalGoldCupAggregateTimings1.csv,,,
268,chicane-f1/csv/1962InternationalGoldCupQualification1.csv,,,
269,chicane-f1/csv/1962KanonloppetFinalClassification1.csv,,,
270,chicane-f1/csv/1962KanonloppetQualification1.csv,,,
271,chicane-f1/csv/1962LavantCupClassification1.csv,,,
272,chicane-f1/csv/1962LavantCupQualification1.csv,,,
273,chicane-f1/csv/1962LombankTrophyClassification1.csv,,,
274,chicane-f1/csv/1962LombankTrophyQualification1.csv,,,
275,chicane-f1/csv/1962MediterraneanGPFinalClassification1.csv,,,
276,chicane-f1/csv/1962MediterraneanGPQualification1.csv,,,
277,chicane-f1/csv/1962MexicoGPFinalClassification1.csv,,,
278,chicane-f1/csv/1962MexicoGPQualification1.csv,,,
279,chicane-f1/csv/1962NaplesGPAggregateTimings1.csv,,,
280,chicane-f1/csv/1962NaplesGPQualification1.csv,,,
281,chicane-f1/csv/1962NatalGPFinalClassification1.csv,,,
282,chicane-f1/csv/1962NatalGPHeat1Classification1.csv,,,
283,chicane-f1/csv/1962NatalGPHeat1Qualification1.csv,,,
284,chicane-f1/csv/1962NatalGPHeat2Classification1.csv,,,
285,chicane-f1/csv/1962NatalGPQualification1.csv,,,
286,chicane-f1/csv/1962NewZealandGPAggregateTimings1.csv,,,
287,chicane-f1/csv/1962NewZealandGPQualification1.csv,,,
288,chicane-f1/csv/1962PauGPAggregateTimings1.csv,,,
289,chicane-f1/csv/1962PauGPQualification1.csv,,,
290,chicane-f1/csv/1962RandGPAggregateTimings1.csv,,,
291,chicane-f1/csv/1962RandGPQualification1.csv,,,
292,chicane-f1/csv/1962ReimsGPAggregateTimings1.csv,,,
293,chicane-f1/csv/1962ReimsGPQualification1.csv,,,
294,chicane-f1/csv/1962SolitudeGPClassification1.csv,,,
295,chicane-f1/csv/1962SolitudeGPQualification1.csv,,,
296,chicane-f1/csv/1963Aintree200AggregateTimings1.csv,,,
297,chicane-f1/csv/1963Aintree200Qualification1.csv,,,
298,chicane-f1/csv/1963AustrianGPFinalClassification1.csv,,,
299,chicane-f1/csv/1963AustrianGPQualification1.csv,,,
300,chicane-f1/csv/1963BRDCInternationalTrophyAggregateTimings1.csv,,,
301,chicane-f1/csv/1963BRDCInternationalTrophyQualification1.csv,,,
302,chicane-f1/csv/1963GloverTrophyFinalClassification1.csv,,,
303,chicane-f1/csv/1963GloverTrophyQualification1.csv,,,
304,chicane-f1/csv/1963ImolaGPFinalClassification1.csv,,,
305,chicane-f1/csv/1963ImolaGPQualification1.csv,,,
306,chicane-f1/csv/1963InternationalGoldCupFinalClassification1.csv,,,
307,chicane-f1/csv/1963InternationalGoldCupQualification1.csv,,,
308,chicane-f1/csv/1963KanonloppetFinalClassification1.csv,,,
309,chicane-f1/csv/1963KanonloppetHeat1Classification1.csv,,,
310,chicane-f1/csv/1963KanonloppetHeat1Qualification1.csv,,,
311,chicane-f1/csv/1963KanonloppetHeat2Classification1.csv,,,
312,chicane-f1/csv/1963LombankTrophyFinalClassification1.csv,,,
313,chicane-f1/csv/1963LombankTrophyQualification1.csv,,,
314,chicane-f1/csv/1963MediterraneanGPClassification1.csv,,,
315,chicane-f1/csv/1963MediterraneanGPQualification1.csv,,,
316,chicane-f1/csv/1963PauGPClassification1.csv,,,
317,chicane-f1/csv/1963PauGPQualification1.csv,,,
318,chicane-f1/csv/1963RandGPFinalClassification1.csv,,,
319,chicane-f1/csv/1963RandGPHeat1Classification1.csv,,,
320,chicane-f1/csv/1963RandGPHeat1Qualification1.csv,,,
321,chicane-f1/csv/1963RandGPHeat2Classification1.csv,,,
322,chicane-f1/csv/1963RomeGPAggregateTimings1.csv,,,
323,chicane-f1/csv/1963RomeGPHeat1Classification1.csv,,,
324,chicane-f1/csv/1963RomeGPHeat1Qualification1.csv,,,
325,chicane-f1/csv/1963RomeGPHeat2Classification1.csv,,,
326,chicane-f1/csv/1963SolitudeGPFinalClassification1.csv,,,
327,chicane-f1/csv/1963SolitudeGPQualification1.csv,,,
328,chicane-f1/csv/1963SyracuseGPClassification1.csv,,,
329,chicane-f1/csv/1963SyracuseGPQualification1.csv,,,
330,chicane-f1/csv/1964Aintree200AggregateTimings1.csv,,,
331,chicane-f1/csv/1964Aintree200Qualification1.csv,,,
332,chicane-f1/csv/1964BRDCInternationalTrophyClassification1.csv,,,
333,chicane-f1/csv/1964BRDCInternationalTrophyQualification1.csv,,,
334,chicane-f1/csv/1964DailyMirrorTrophyFinalClassification1.csv,,,
335,chicane-f1/csv/1964DailyMirrorTrophyQualification1.csv,,,
336,chicane-f1/csv/1964MediterraneanGPAggregateTimings1.csv,,,
337,chicane-f1/csv/1964MediterraneanGPQualification1.csv,,,
338,chicane-f1/csv/1964NewsoftheWorldTrophyAggregateTimings1.csv,,,
339,chicane-f1/csv/1964NewsoftheWorldTrophyQualification1.csv,,,
340,chicane-f1/csv/1964RandGPClassification1.csv,,,
341,chicane-f1/csv/1964RandGPHeat1Classification1.csv,,,
342,chicane-f1/csv/1964RandGPHeat1Qualification1.csv,,,
343,chicane-f1/csv/1964RandGPHeat2Classification1.csv,,,
344,chicane-f1/csv/1964SolitudeGPClassification1.csv,,,
345,chicane-f1/csv/1964SolitudeGPQualification1.csv,,,
346,chicane-f1/csv/1964SyracuseGPClassification1.csv,,,
347,chicane-f1/csv/1964SyracuseGPQualification1.csv,,,
348,chicane-f1/csv/1965BRDCInternationalTrophyFinalClassification1.csv,,,
349,chicane-f1/csv/1965BRDCInternationalTrophyQualification1.csv,,,
350,chicane-f1/csv/1965CapeSouthEasterTrophyFinalClassification1.csv,,,
351,chicane-f1/csv/1965CapeSouthEasterTrophyQualification1.csv,,,
352,chicane-f1/csv/1965MediterraneanGPClassification1.csv,,,
353,chicane-f1/csv/1965MediterraneanGPQualification1.csv,,,
354,chicane-f1/csv/1965RaceofChampionsAggregateTimings1.csv,,,
355,chicane-f1/csv/1965RaceofChampionsHeat1Classification1.csv,,,
356,chicane-f1/csv/1965RaceofChampionsHeat1Qualification1.csv,,,
357,chicane-f1/csv/1965RaceofChampionsHeat2Classification1.csv,,,
358,chicane-f1/csv/1965SundayMirrorTrophyFinalClassification1.csv,,,
359,chicane-f1/csv/1965SundayMirrorTrophyQualification1.csv,,,
360,chicane-f1/csv/1965SyracuseGPClassification1.csv,,,
361,chicane-f1/csv/1965SyracuseGPQualification1.csv,,,
362,chicane-f1/csv/1966Border100FinalClassification1.csv,,,
363,chicane-f1/csv/1966BRDCInternationalTrophyClassification1.csv,,,
364,chicane-f1/csv/1966BRDCInternationalTrophyQualification1.csv,,,
365,chicane-f1/csv/1966Bulawayo100AggregateTimings1.csv,,,
366,chicane-f1/csv/1966CapeSouthEasterGPAggregateTimings1.csv,,,
367,chicane-f1/csv/1966EasterGPFinalClassification1.csv,,,
368,chicane-f1/csv/1966GovernorGeneralCupClassification1.csv,,,
369,chicane-f1/csv/1966InternationalGoldCupFinalClassification1.csv,,,
370,chicane-f1/csv/1966InternationalGoldCupQualification1.csv,,,
371,chicane-f1/csv/1966NatalWinterGPFinalClassification1.csv,,,
372,chicane-f1/csv/1966PatFairfieldTrophyAggregateTimings1.csv,,,
373,chicane-f1/csv/1966PatFairfieldTrophyQualification1.csv,,,
374,chicane-f1/csv/1966RandAutumnTrophyClassification1.csv,,,
375,chicane-f1/csv/1966RandAutumnTrophyQualification1.csv,,,
376,chicane-f1/csv/1966RandSpringTrophyFinalClassification1.csv,,,
377,chicane-f1/csv/1966RandSpringTrophyQualification1.csv,,,
378,chicane-f1/csv/1966RandWinterTrophyFinalClassification1.csv,,,
379,chicane-f1/csv/1966RandWinterTrophyQualification1.csv,,,
380,chicane-f1/csv/1966RepublicDayTrophyClassification1.csv,,,
381,chicane-f1/csv/1966RepublicDayTrophyQualification1.csv,,,
382,chicane-f1/csv/1966RhodesianGPFinalClassification1.csv,,,
383,chicane-f1/csv/1966RhodesianGPQualification1.csv,,,
384,chicane-f1/csv/1966SouthAfricanGPAggregateTimings1.csv,,,
385,chicane-f1/csv/1966SouthAfricanGPQualification1.csv,,,
386,chicane-f1/csv/1966SyracuseGPClassification1.csv,,,
387,chicane-f1/csv/1966SyracuseGPQualification1.csv,,,
388,chicane-f1/csv/1966VanRiebeeckTrophyClassification1.csv,,,
389,chicane-f1/csv/1967BRDCInternationalTrophyAggregateTimings1.csv,,,
390,chicane-f1/csv/1967BRDCInternationalTrophyQualification1.csv,,,
391,chicane-f1/csv/1967Bulawayo100AggregateTimings1.csv,,,
392,chicane-f1/csv/1967CapeSouthEasterGPFinalClassification1.csv,,,
393,chicane-f1/csv/1967CapeSouthEasterGPQualification1.csv,,,
394,chicane-f1/csv/1967Coronation100FinalClassification1.csv,,,
395,chicane-f1/csv/1967Coronation100Qualification1.csv,,,
396,chicane-f1/csv/1967GovernorGeneralCupAggregateTimings1.csv,,,
397,chicane-f1/csv/1967InternationalGoldCupAggregateTimings1.csv,,,
398,chicane-f1/csv/1967InternationalGoldCupQualification1.csv,,,
399,chicane-f1/csv/1967KillarneyGPAggregateTimings1.csv,,,
400,chicane-f1/csv/1967NatalWinterGPAggregateTimings1.csv,,,
401,chicane-f1/csv/1967NatalWinterGPQualification1.csv,,,
402,chicane-f1/csv/1967PatFairfieldTrophyAggregateTimings1.csv,,,
403,chicane-f1/csv/1967RaceofChampionsClassification1.csv,,,
404,chicane-f1/csv/1967RaceofChampionsHeat1Classification1.csv,,,
405,chicane-f1/csv/1967RaceofChampionsHeat1Qualification1.csv,,,
406,chicane-f1/csv/1967RaceofChampionsHeat2Classification1.csv,,,
407,chicane-f1/csv/1967RaceofChampionsQualification1.csv,,,
408,chicane-f1/csv/1967RandAutumnTrophyClassification1.csv,,,
409,chicane-f1/csv/1967RandAutumnTrophyQualification1.csv,,,
410,chicane-f1/csv/1967RandSpringTrophyAggregateTimings1.csv,,,
411,chicane-f1/csv/1967RandSpringTrophyQualification1.csv,,,
412,chicane-f1/csv/1967RhodesianGPAggregateTimings1.csv,,,
413,chicane-f1/csv/1967SpanishGPAggregateTimings1.csv,,,
414,chicane-f1/csv/1967SpanishGPQualification1.csv,,,
415,chicane-f1/csv/1967SpringCupAggregateTimings1.csv,,,
416,chicane-f1/csv/1967SpringCupHeat1Classification1.csv,,,
417,chicane-f1/csv/1967SpringCupHeat1Qualification1.csv,,,
418,chicane-f1/csv/1967SpringCupHeat2Classification1.csv,,,
419,chicane-f1/csv/1967SpringCupQualification1.csv,,,
420,chicane-f1/csv/1967SyracuseGPClassification1.csv,,,
421,chicane-f1/csv/1967SyracuseGPQualification1.csv,,,
422,chicane-f1/csv/1967VanRiebeeckTrophyAggregateTimings1.csv,,,
423,chicane-f1/csv/1968Border100Classification1.csv,,,
424,chicane-f1/csv/1968Border100Qualification1.csv,,,
425,chicane-f1/csv/1968BRDCInternationalTrophyAggregateTimings1.csv,,,
426,chicane-f1/csv/1968BRDCInternationalTrophyQualification1.csv,,,
427,chicane-f1/csv/1968CapeSouthEasterTrophyFinalClassification1.csv,,,
428,chicane-f1/csv/1968CapeSouthEasterTrophyQualification1.csv,,,
429,chicane-f1/csv/1968Coronation100Classification1.csv,,,
430,chicane-f1/csv/1968Coronation100Qualification1.csv,,,
431,chicane-f1/csv/1968FalseBay100FinalClassification1.csv,,,
432,chicane-f1/csv/1968InternationalGoldCupAggregateTimings1.csv,,,
433,chicane-f1/csv/1968InternationalGoldCupQualification1.csv,,,
434,chicane-f1/csv/1968NatalWinterTrophyClassification1.csv,,,
435,chicane-f1/csv/1968RaceofChampionsClassification1.csv,,,
436,chicane-f1/csv/1968RaceofChampionsQualification1.csv,,,
437,chicane-f1/csv/1968RandAutumnTrophyClassification1.csv,,,
438,chicane-f1/csv/1968RandSpringTrophyFinalClassification1.csv,,,
439,chicane-f1/csv/1968RandSpringTrophyQualification1.csv,,,
440,chicane-f1/csv/1968RandWinterTrophyAggregateTimings1.csv,,,
441,chicane-f1/csv/1968RandWinterTrophyQualification1.csv,,,
442,chicane-f1/csv/1968RepublicDayTrophyAggregateTimings1.csv,,,
443,chicane-f1/csv/1968RhodesianGPClassification1.csv,,,
444,chicane-f1/csv/1968RhodesianGPQualification1.csv,,,
445,chicane-f1/csv/1969Border100FinalClassification1.csv,,,
446,chicane-f1/csv/1969Border100Qualification1.csv,,,
447,chicane-f1/csv/1969BRDCInternationalTrophyFinalClassification1.csv,,,
448,chicane-f1/csv/1969BRDCInternationalTrophyQualification1.csv,,,
449,chicane-f1/csv/1969CapeSouthEasterTrophyFinalClassification1.csv,,,
450,chicane-f1/csv/1969CapeSouthEasterTrophyQualification1.csv,,,
451,chicane-f1/csv/1969Coronation100Classification1.csv,,,
452,chicane-f1/csv/1969Coronation100Qualification1.csv,,,
453,chicane-f1/csv/1969FalseBay100FinalClassification1.csv,,,
454,chicane-f1/csv/1969InternationalGoldCupClassification1.csv,,,
455,chicane-f1/csv/1969InternationalGoldCupQualification1.csv,,,
456,chicane-f1/csv/1969MadridGPAggregateTimings1.csv,,,
457,chicane-f1/csv/1969MadridGPQualification1.csv,,,
458,chicane-f1/csv/1969NatalWinterTrophyClassification1.csv,,,
459,chicane-f1/csv/1969NatalWinterTrophyQualification1.csv,,,
460,chicane-f1/csv/1969RaceofChampionsFinalClassification1.csv,,,
461,chicane-f1/csv/1969RaceofChampionsQualification1.csv,,,
462,chicane-f1/csv/1969RandAutumnTrophyClassification1.csv,,,
463,chicane-f1/csv/1969RandAutumnTrophyQualification1.csv,,,
464,chicane-f1/csv/1969RandSpringTrophyFinalClassification1.csv,,,
465,chicane-f1/csv/1969RandSpringTrophyQualification1.csv,,,
466,chicane-f1/csv/1969RandWinterTrophyClassification1.csv,,,
467,chicane-f1/csv/1969RandWinterTrophyQualification1.csv,,,
468,chicane-f1/csv/1969RepublicDayTrophyClassification1.csv,,,
469,chicane-f1/csv/1969RepublicDayTrophyQualification1.csv,,,
470,chicane-f1/csv/1969RhodesianGPAggregateTimings1.csv,,,
471,chicane-f1/csv/1969RhodesianGPQualification1.csv,,,
472,chicane-f1/csv/1970BRDCInternationalTrophyFinalClassification1.csv,,,
473,chicane-f1/csv/1970BRDCInternationalTrophyHeat1Classification1.csv,,,
474,chicane-f1/csv/1970BRDCInternationalTrophyHeat1Qualification1.csv,,,
475,chicane-f1/csv/1970BRDCInternationalTrophyHeat2Classification1.csv,,,
476,chicane-f1/csv/1970Bulawayo100AggregateTimings1.csv,,,
477,chicane-f1/csv/1970Bulawayo100Qualification1.csv,,,
478,chicane-f1/csv/1970CapeSouthEasterTrophyFinalClassification1.csv,,,
479,chicane-f1/csv/1970CapeSouthEasterTrophyQualification1.csv,,,
480,chicane-f1/csv/1970Coronation100Classification1.csv,,,
481,chicane-f1/csv/1970Coronation100Qualification1.csv,,,
482,chicane-f1/csv/1970FalseBay100FinalClassification1.csv,,,
483,chicane-f1/csv/1970FalseBay100Qualification1.csv,,,
484,chicane-f1/csv/1970Highveld100Classification1.csv,,,
485,chicane-f1/csv/1970InternationalGoldCupClassification1.csv,,,
486,chicane-f1/csv/1970InternationalGoldCupHeat1Classification1.csv,,,
487,chicane-f1/csv/1970InternationalGoldCupHeat1Qualification1.csv,,,
488,chicane-f1/csv/1970InternationalGoldCupHeat2Classification1.csv,,,
489,chicane-f1/csv/1970NatalWinterTrophyAggregateTimings1.csv,,,
490,chicane-f1/csv/1970NatalWinterTrophyQualification1.csv,,,
491,chicane-f1/csv/1970RaceofChampionsFinalClassification1.csv,,,
492,chicane-f1/csv/1970RaceofChampionsQualification1.csv,,,
493,chicane-f1/csv/1970RandSpringTrophyFinalClassification1.csv,,,
494,chicane-f1/csv/1970RandWinterTrophyClassification1.csv,,,
495,chicane-f1/csv/1970RandWinterTrophyQualification1.csv,,,
496,chicane-f1/csv/1970RepublicDayTrophyFinalClassification1.csv,,,
497,chicane-f1/csv/1970RepublicDayTrophyQualification1.csv,,,
498,chicane-f1/csv/1970RhodesianGPClassification1.csv,,,
499,chicane-f1/csv/1970RhodesianGPQualification1.csv,,,
500,chicane-f1/csv/197125thAnniversaryTrophyFinalClassification1.csv,,,
501,chicane-f1/csv/197125thAnniversaryTrophyQualification1.csv,,,
502,chicane-f1/csv/1971ArgentineGPClassification1.csv,,,
503,chicane-f1/csv/1971ArgentineGPHeat1Classification1.csv,,,
504,chicane-f1/csv/1971ArgentineGPHeat1Qualification1.csv,,,
505,chicane-f1/csv/1971ArgentineGPHeat2Classification1.csv,,,
506,chicane-f1/csv/1971BRDCInternationalTrophyClassification1.csv,,,
507,chicane-f1/csv/1971BRDCInternationalTrophyHeat1Classification1.csv,,,
508,chicane-f1/csv/1971BRDCInternationalTrophyHeat1Qualification1.csv,,,
509,chicane-f1/csv/1971BRDCInternationalTrophyHeat2Classification1.csv,,,
510,chicane-f1/csv/1971Bulawayo100Classification1.csv,,,
511,chicane-f1/csv/1971Bulawayo100Qualification1.csv,,,
512,chicane-f1/csv/1971CapeSouthEasterTrophyAggregateTimings1.csv,,,
513,chicane-f1/csv/1971CapeSouthEasterTrophyQualification1.csv,,,
514,chicane-f1/csv/1971Coronation100Classification1.csv,,,
515,chicane-f1/csv/1971Coronation100Qualification1.csv,,,
516,chicane-f1/csv/1971FalseBay100Classification1.csv,,,
517,chicane-f1/csv/1971FalseBay100Qualification1.csv,,,
518,chicane-f1/csv/1971GoldfieldsAutumnTrophyAggregateTimings1.csv,,,
519,chicane-f1/csv/1971GoldfieldsAutumnTrophyQualification1.csv,,,
520,chicane-f1/csv/1971Highveld100FinalClassification1.csv,,,
521,chicane-f1/csv/1971Highveld100Qualification1.csv,,,
522,chicane-f1/csv/1971InternationalGoldCupClassification1.csv,,,
523,chicane-f1/csv/1971InternationalGoldCupHeat1Classification1.csv,,,
524,chicane-f1/csv/1971InternationalGoldCupHeat1Qualification1.csv,,,
525,chicane-f1/csv/1971InternationalGoldCupHeat2Classification1.csv,,,
526,chicane-f1/csv/1971NatalWinterTrophyFinalClassification1.csv,,,
527,chicane-f1/csv/1971NatalWinterTrophyQualification1.csv,,,
528,chicane-f1/csv/1971QuestorGPAggregateTimings1.csv,,,
529,chicane-f1/csv/1971QuestorGPHeat1Classification1.csv,,,
530,chicane-f1/csv/1971QuestorGPHeat1Qualification1.csv,,,
531,chicane-f1/csv/1971QuestorGPHeat2Classification1.csv,,,
532,chicane-f1/csv/1971RaceofChampionsClassification1.csv,,,
533,chicane-f1/csv/1971RaceofChampionsQualification1.csv,,,
534,chicane-f1/csv/1971RandSpringTrophyClassification1.csv,,,
535,chicane-f1/csv/1971RandSpringTrophyQualification1.csv,,,
536,chicane-f1/csv/1971RepublicDayTrophyAggregateTimings1.csv,,,
537,chicane-f1/csv/1971RepublicDayTrophyQualification1.csv,,,
538,chicane-f1/csv/1971RhodesianGPClassification1.csv,,,
539,chicane-f1/csv/1971RhodesianGPQualification1.csv,,,
540,chicane-f1/csv/1971RindtMemorialTrophyAggregateTimings1.csv,,,
541,chicane-f1/csv/1971RindtMemorialTrophyQualification1.csv,,,
542,chicane-f1/csv/1971SpringTrophyClassification1.csv,,,
543,chicane-f1/csv/1971SpringTrophyQualification1.csv,,,
544,chicane-f1/csv/1971VictoryRaceFinalClassification1.csv,,,
545,chicane-f1/csv/1971VictoryRaceQualification1.csv,,,
546,chicane-f1/csv/1971Welkom100AggregateTimings1.csv,,,
547,chicane-f1/csv/1971Welkom100Qualification1.csv,,,
548,chicane-f1/csv/1972BrazilianGPFinalClassification1.csv,,,
549,chicane-f1/csv/1972BrazilianGPQualification1.csv,,,
550,chicane-f1/csv/1972BRDCInternationalTrophyAggregateTimings1.csv,,,
551,chicane-f1/csv/1972BRDCInternationalTrophyQualification1.csv,,,
552,chicane-f1/csv/1972Bulawayo100AggregateTimings1.csv,,,
553,chicane-f1/csv/1972Bulawayo100Qualification1.csv,,,
554,chicane-f1/csv/1972CapeSouthEasterTrophyFinalClassification1.csv,,,
555,chicane-f1/csv/1972CapeSouthEasterTrophyQualification1.csv,,,
556,chicane-f1/csv/1972Coronation100AggregateTimings1.csv,,,
557,chicane-f1/csv/1972Coronation100Qualification1.csv,,,
558,chicane-f1/csv/1972FalseBay100FinalClassification1.csv,,,
559,chicane-f1/csv/1972FalseBay100Qualification1.csv,,,
560,chicane-f1/csv/1972GoldfieldsAutumnTrophyClassification1.csv,,,
561,chicane-f1/csv/1972GoldfieldsAutumnTrophyQualification1.csv,,,
562,chicane-f1/csv/1972Highveld100Classification1.csv,,,
563,chicane-f1/csv/1972InternationalGoldCupFinalClassification1.csv,,,
564,chicane-f1/csv/1972InternationalGoldCupQualification1.csv,,,
565,chicane-f1/csv/1972ItalianRepublicGPFinalClassification1.csv,,,
566,chicane-f1/csv/1972ItalianRepublicGPQualification1.csv,,,
567,chicane-f1/csv/1972NatalWinterTrophyAggregateTimings1.csv,,,
568,chicane-f1/csv/1972NatalWinterTrophyQualification1.csv,,,
569,chicane-f1/csv/1972RaceofChampionsAggregateTimings1.csv,,,
570,chicane-f1/csv/1972RaceofChampionsQualification1.csv,,,
571,chicane-f1/csv/1972RandSpringTrophyClassification1.csv,,,
572,chicane-f1/csv/1972RandSpringTrophyQualification1.csv,,,
573,chicane-f1/csv/1972RandWinterTrophyAggregateTimings1.csv,,,
574,chicane-f1/csv/1972RandWinterTrophyQualification1.csv,,,
575,chicane-f1/csv/1972RepublicDayTrophyAggregateTimings1.csv,,,
576,chicane-f1/csv/1972RepublicDayTrophyQualification1.csv,,,
577,chicane-f1/csv/1972RhodesianGPFinalClassification1.csv,,,
578,chicane-f1/csv/1972RhodesianGPQualification1.csv,,,
579,chicane-f1/csv/1972Rothmans50000AggregateTimings1.csv,,,
580,chicane-f1/csv/1972Rothmans50000Qualification1.csv,,,
581,chicane-f1/csv/1972VictoryRaceAggregateTimings1.csv,,,
582,chicane-f1/csv/1972VictoryRaceQualification1.csv,,,
583,chicane-f1/csv/1972Welkom100FinalClassification1.csv,,,
584,chicane-f1/csv/1972Welkom100Qualification1.csv,,,
585,chicane-f1/csv/1973BRDCInternationalTrophyFinalClassification1.csv,,,
586,chicane-f1/csv/1973BRDCInternationalTrophyQualification1.csv,,,
587,chicane-f1/csv/1973Bulawayo100AggregateTimings1.csv,,,
588,chicane-f1/csv/1973Bulawayo100Qualification1.csv,,,
589,chicane-f1/csv/1973CapeSouthEasterTrophyClassification1.csv,,,
590,chicane-f1/csv/1973FalseBay100AggregateTimings1.csv,,,
591,chicane-f1/csv/1973FalseBay100Qualification1.csv,,,
592,chicane-f1/csv/1973Goldfields100Classification1.csv,,,
593,chicane-f1/csv/1973Goldfields100Qualification1.csv,,,
594,chicane-f1/csv/1973GoldfieldsAutumnTrophyFinalClassification1.csv,,,
595,chicane-f1/csv/1973GoldfieldsAutumnTrophyQualification1.csv,,,
596,chicane-f1/csv/1973Highveld100FinalClassification1.csv,,,
597,chicane-f1/csv/1973Highveld100Qualification1.csv,,,
598,chicane-f1/csv/1973Mercury100FinalClassification1.csv,,,
599,chicane-f1/csv/1973Mercury100Qualification1.csv,,,
600,chicane-f1/csv/1973NatalWinterTrophyAggregateTimings1.csv,,,
601,chicane-f1/csv/1973NatalWinterTrophyQualification1.csv,,,
602,chicane-f1/csv/1973RaceofChampionsFinalClassification1.csv,,,
603,chicane-f1/csv/1973RaceofChampionsQualification1.csv,,,
604,chicane-f1/csv/1973RandSpringTrophyFinalClassification1.csv,,,
605,chicane-f1/csv/1973RandSpringTrophyQualification1.csv,,,
606,chicane-f1/csv/1973RandWinterTrophyClassification1.csv,,,
607,chicane-f1/csv/1973RandWinterTrophyQualification1.csv,,,
608,chicane-f1/csv/1973RepublicDayTrophyFinalClassification1.csv,,,
609,chicane-f1/csv/1973RepublicDayTrophyQualification1.csv,,,
610,chicane-f1/csv/1973RhodesianGPAggregateTimings1.csv,,,
611,chicane-f1/csv/1973RhodesianGPQualification1.csv,,,
612,chicane-f1/csv/1974BrandkopWinterTrophyClassification1.csv,,,
613,chicane-f1/csv/1974BrandkopWinterTrophyQualification1.csv,,,
614,chicane-f1/csv/1974BRDCInternationalTrophyAggregateTimings1.csv,,,
615,chicane-f1/csv/1974BRDCInternationalTrophyQualification1.csv,,,
616,chicane-f1/csv/1974Bulawayo100Classification1.csv,,,
617,chicane-f1/csv/1974Bulawayo100Qualification1.csv,,,
618,chicane-f1/csv/1974CapeSouthEasterTrophyClassification1.csv,,,
619,chicane-f1/csv/1974CapeSouthEasterTrophyQualification1.csv,,,
620,chicane-f1/csv/1974EmilioMediciGPClassification1.csv,,,
621,chicane-f1/csv/1974EmilioMediciGPQualification1.csv,,,
622,chicane-f1/csv/1974FalseBay100Classification1.csv,,,
623,chicane-f1/csv/1974FalseBay100Qualification1.csv,,,
624,chicane-f1/csv/1974Goldfields100Classification1.csv,,,
625,chicane-f1/csv/1974Goldfields100Qualification1.csv,,,
626,chicane-f1/csv/1974Mercury100AggregateTimings1.csv,,,
627,chicane-f1/csv/1974Mercury100Qualification1.csv,,,
628,chicane-f1/csv/1974NatalWinterTrophyClassification1.csv,,,
629,chicane-f1/csv/1974NatalWinterTrophyQualification1.csv,,,
630,chicane-f1/csv/1974RaceofChampionsFinalClassification1.csv,,,
631,chicane-f1/csv/1974RaceofChampionsQualification1.csv,,,
632,chicane-f1/csv/1974RandSpringTrophyClassification1.csv,,,
633,chicane-f1/csv/1974RandSpringTrophyQualification1.csv,,,
634,chicane-f1/csv/1974RandWinterTrophyClassification1.csv,,,
635,chicane-f1/csv/1974RandWinterTrophyQualification1.csv,,,
636,chicane-f1/csv/1974RepublicDayTrophyAggregateTimings1.csv,,,
637,chicane-f1/csv/1974RepublicDayTrophyQualification1.csv,,,
638,chicane-f1/csv/1974RhodesianGPAggregateTimings1.csv,,,
639,chicane-f1/csv/1974RhodesianGPQualification1.csv,,,
640,chicane-f1/csv/1975BrandkopWinterTrophyClassification1.csv,,,
641,chicane-f1/csv/1975BrandkopWinterTrophyQualification1.csv,,,
642,chicane-f1/csv/1975BRDCInternationalTrophyFinalClassification1.csv,,,
643,chicane-f1/csv/1975BRDCInternationalTrophyQualification1.csv,,,
644,chicane-f1/csv/1975CapeSouthEasterTrophyClassification1.csv,,,
645,chicane-f1/csv/1975CapeSouthEasterTrophyQualification1.csv,,,
646,chicane-f1/csv/1975FalseBay100AggregateTimings1.csv,,,
647,chicane-f1/csv/1975FalseBay100Qualification1.csv,,,
648,chicane-f1/csv/1975Goldfields100Classification1.csv,,,
649,chicane-f1/csv/1975Goldfields100Qualification1.csv,,,
650,chicane-f1/csv/1975Mercury100AggregateTimings1.csv,,,
651,chicane-f1/csv/1975Mercury100Qualification1.csv,,,
652,chicane-f1/csv/1975NatalSpringTrophyClassification1.csv,,,
653,chicane-f1/csv/1975NatalSpringTrophyQualification1.csv,,,
654,chicane-f1/csv/1975RaceofChampionsClassification1.csv,,,
655,chicane-f1/csv/1975RaceofChampionsQualification1.csv,,,
656,chicane-f1/csv/1975RandSpringTrophyClassification1.csv,,,
657,chicane-f1/csv/1975RandWinterTrophyAggregateTimings1.csv,,,
658,chicane-f1/csv/1975RandWinterTrophyQualification1.csv,,,
659,chicane-f1/csv/1975RepublicDayTrophyFinalClassification1.csv,,,
660,chicane-f1/csv/1975SwissGPAggregateTimings1.csv,,,
661,chicane-f1/csv/1975SwissGPQualification1.csv,,,
662,chicane-f1/csv/1976BRDCInternationalTrophyClassification1.csv,,,
663,chicane-f1/csv/1976BRDCInternationalTrophyQualification1.csv,,,
664,chicane-f1/csv/1976RaceofChampionsFinalClassification1.csv,,,
665,chicane-f1/csv/1976RaceofChampionsQualification1.csv,,,
666,chicane-f1/csv/1977RaceofChampionsFinalClassification1.csv,,,
667,chicane-f1/csv/1977RaceofChampionsQualification1.csv,,,
668,chicane-f1/csv/1978BRDCInternationalTrophyClassification1.csv,,,
669,chicane-f1/csv/1978BRDCInternationalTrophyQualification1.csv,,,
670,chicane-f1/csv/1979DinoFerrariGPClassification1.csv,,,
671,chicane-f1/csv/1979DinoFerrariGPQualification1.csv,,,
672,chicane-f1/csv/1979RaceofChampionsFinalClassification1.csv,,,
673,chicane-f1/csv/1979RaceofChampionsQualification1.csv,,,
674,chicane-f1/csv/1980SpanishGPFinalClassification1.csv,,,
675,chicane-f1/csv/1980SpanishGPQualification1.csv,,,
676,chicane-f1/csv/1981SouthAfricanGPAggregateTimings1.csv,,,
677,chicane-f1/csv/1981SouthAfricanGPQualification1.csv,,,
678,chicane-f1/csv/1983RaceofChampionsAggregateTimings1.csv,,,
679,chicane-f1/csv/1983RaceofChampionsQualification1.csv,,,
