"Scott Speed","United States"
"Michael Andretti","United States"
"Eddie Cheever","United States"
"Danny Sullivan","United States"
"Mario Andretti","United States"
"Kevin Cogan","United States"
"Brett Lunger","United States"
"Danny Ongais","United States"
"Bobby Rahal","United States"
"Mark Donohue","United States"
"Peter Revson","United States"
"George Follmer","United States"
"Skip Barber","United States"
"Sam Posey","United States"
"Pete Lovely","United States"
"Dan Gurney","United States"
"Gus Hutchison","United States"
"Bobby Unser","United States"
"Richie Ginther","United States"
"Mike Fisher","United States"
"Tom Jones","United States"
"Bob Bondurant","United States"
"Phil Hill","United States"
"Ronnie Bucknum","United States"
"Masten Gregory","United States"
"Walt Hansgen","United States"
"Hap Sharp","United States"
"Tony Settember","United States"
"Jim Hall","United States"
"Rodger Ward","United States"
"Frank Dochnal","United States"
"Thomas Monarch","United States"
"Jay Chamberlain","United States"
"Roger Penske","United States"
"Timmy Mayer","United States"
"Harry Schell","United States"
"Chuck Daigh","United States"
"Lance Reventlow","United States"
"Troy Ruttman","United States"
"Fred Gamble","United States"
"Bob Drake","United States"
"Carroll Shelby","United States"
"Harry Blanchard","United States"
"George Constantine","United States"
"Bob Said","United States"
"Phil Cade","United States"
"Bruce Kessler","United States"
"Herbert MacKay-Fraser","United States"
"John Fitch","United States"
"Jacques Swaters","United States"
"Fred Wacker","United States"
"Robert O'Brien","United States"
"Alfonso Thiele","Italy"
"Carlos Reutemann","Argentina"
"Ricardo Zunino","Argentina"
"Nasif Estéfano","Argentina"
"José Froilán González","Argentina"
"Roberto Bonomi","Argentina"
"Juan Manuel Fangio","Argentina"
"Roberto Mieres","Argentina"
"Clemar Bucci","Argentina"
"Jesús Iglesias","Argentina"
"Pablo Birger","Argentina"
"Onofre Marimón","Argentina"
"Jorge Daponte","Argentina"
"Oscar Gálvez","Argentina"
"Adolfo Schwelm","Argentina"
"Alberto Crespo","Argentina"
"Alfredo Pián","Argentina"
"Alessandro de Tomaso","Italy"
"Gastón Mazzacane","Argentina"
"Esteban Tuero","Argentina"
"Norberto Fontana","Argentina"
"Oscar Larrauri","Argentina"
"Miguel Ángel Guerra","Argentina"
"Juan Manuel Bordeu","Argentina"
"Carlos Menditeguy","Argentina"
"Alberto Rodriguez Larreta","Argentina"
"Mark Webber","Australia"
"David Brabham","Australia"
"Gary Brabham","Australia"
"Alan Jones","Australia"
"Larry Perkins","Australia"
"Brian McGuire","Australia"
"Vern Schuppan","Australia"
"Warwick Brown","Australia"
"Tim Schenken","Australia"
"David Walker","Australia"
"Jack Brabham","Australia"
"Frank Gardner","Australia"
"Paul Hawkins","Australia"
"Ken Kavanagh","Australia"
"Paul England","Australia"
"Tony Gaze","Australia"
"Daniel Ricciardo","Australia"
"Alexander Wurz","Austria"
"Christian Klien","Austria"
"Patrick Friesacher","Austria"
"Gerhard Berger","Austria"
"Karl Wendlinger","Austria"
"Roland Ratzenberger","Austria"
"Niki Lauda","Austria"
"Jo Gartner","Austria"
"Harald Ertl","Austria"
"Hans Binder","Austria"
"Otto Stuppacher","Austria"
"Dieter Quester","Austria"
"Helmuth Koinigg","Austria"
"Helmut Marko","Austria"
"Jochen Rindt","Austria"
"Bertrand Gachot","Belgium"
"Eric van de Poele","Belgium"
"Jacky Ickx","Belgium"
"Patrick Nève","Belgium"
"Bernard de Dryver","Belgium"
"Teddy Pilette","Belgium"
"Lucien Bianchi","Belgium"
"André Pilette","Belgium"
"Willy Mairesse","Belgium"
"Olivier Gendebien","Belgium"
"Alain de Changy","Belgium"
"Christian Goethals","Belgium"
"Paul Frère","Belgium"
"André Milhoux","Belgium"
"Johnny Claes","Belgium"
"Georges Berger","Belgium"
"Arthur Legat","Belgium"
"Charles de Tornaco","Belgium"
"Roger Laurent","Belgium"
"Jérôme d'Ambrosio","Belgium"
"Philippe Adams","Belgium"
"Thierry Boutsen","Belgium"
"Nelson Piquet Jr.","Brazil"
"Felipe Massa","Brazil"
"Rubens Barrichello","Brazil"
"Ricardo Zonta","Brazil"
"Antônio Pizzonia","Brazil"
"Cristiano da Matta","Brazil"
"Luciano Burti","Brazil"
"Tarso Marques","Brazil"
"Enrique Bernoldi","Brazil"
"Pedro Diniz","Brazil"
"Ricardo Rosset","Brazil"
"Roberto Moreno","Brazil"
"Ayrton Senna","Brazil"
"Christian Fittipaldi","Brazil"
"Maurício Gugelmin","Brazil"
"Nelson Piquet","Brazil"
"Chico Serra","Brazil"
"Raul Boesel","Brazil"
"Emerson Fittipaldi","Brazil"
"Alex Ribeiro","Brazil"
"Carlos Pace","Brazil"
"Ingo Hoffmann","Brazil"
"Wilson Fittipaldi","Brazil"
"Luiz Bueno","Brazil"
"Fritz d'Orey","Brazil"
"Chico Landi","Brazil"
"Hernando da Silva Ramos","Brazil"
"Gino Bianco","Brazil"
"Lucas di Grassi","Brazil"
"Bruno Senna","Brazil"
"Lewis Hamilton","United Kingdom"
"David Coulthard","United Kingdom"
"Jenson Button","United Kingdom"
"Anthony Davidson","United Kingdom"
"Justin Wilson","United Kingdom"
"Eddie Irvine","United Kingdom"
"Johnny Herbert","United Kingdom"
"Allan McNish","United Kingdom"
"Damon Hill","United Kingdom"
"Martin Brundle","United Kingdom"
"Mark Blundell","United Kingdom"
"Nigel Mansell","United Kingdom"
"Derek Warwick","United Kingdom"
"Perry McCarthy","United Kingdom"
"Julian Bailey","United Kingdom"
"Martin Donnelly","United Kingdom"
"Jonathan Palmer","United Kingdom"
"Johnny Dumfries","United Kingdom"
"Kenny Acheson","United Kingdom"
"John Watson","United Kingdom"
"Brian Henton","United Kingdom"
"Geoff Lees","United Kingdom"
"Rupert Keegan","United Kingdom"
"Stephen South","United Kingdom"
"Tiff Needell","United Kingdom"
"James Hunt","United Kingdom"
"Divina Galica","United Kingdom"
"Tony Trimmer","United Kingdom"
"Tom Pryce","United Kingdom"
"David Purley","United Kingdom"
"Jackie Oliver","United Kingdom"
"Andy Sutcliffe","United Kingdom"
"Guy Edwards","United Kingdom"
"Ian Ashley","United Kingdom"
"Bob Evans","United Kingdom"
"Damien Magee","United Kingdom"
"Mike Wilds","United Kingdom"
"Graham Hill","United Kingdom"
"Tony Brise","United Kingdom"
"Dave Morgan","United Kingdom"
"Jim Crawford","United Kingdom"
"Mike Hailwood","United Kingdom"
"Richard Robarts","United Kingdom"
"Brian Redman","United Kingdom"
"Peter Gethin","United Kingdom"
"Derek Bell","United Kingdom"
"David Hobbs","United Kingdom"
"Jackie Stewart","United Kingdom"
"Mike Beuttler","United Kingdom"
"Roger Williamson","United Kingdom"
"John Surtees","United Kingdom"
"Vic Elford","United Kingdom"
"Chris Craft","United Kingdom"
"John Miles","United Kingdom"
"Piers Courage","United Kingdom"
"Peter Westbury","United Kingdom"
"Richard Attwood","United Kingdom"
"Jim Clark","United Kingdom"
"Mike Spence","United Kingdom"
"Robin Widdows","United Kingdom"
"Bob Anderson","United Kingdom"
"Mike Parkes","United Kingdom"
"Chris Irwin","United Kingdom"
"Alan Rees","United Kingdom"
"Brian Hart","United Kingdom"
"Jonathan Williams","United Kingdom"
"Peter Arundell","United Kingdom"
"Vic Wilson","United Kingdom"
"John Taylor","United Kingdom"
"Chris Lawrence","United Kingdom"
"Trevor Taylor","United Kingdom"
"Innes Ireland","United Kingdom"
"David Prophet","United Kingdom"
"John Rhodes","United Kingdom"
"Ian Raby","United Kingdom"
"Alan Rollinson","United Kingdom"
"Brian Gubby","United Kingdom"
"John Campbell-Jones","United Kingdom"
"Ian Burgess","United Kingdom"
"Tim Parnell","United Kingdom"
"Jackie Lewis","United Kingdom"
"Roy Salvadori","United Kingdom"
"Tony Marsh","United Kingdom"
"Gerry Ashmore","United Kingdom"
"Colin Davis","United Kingdom"
"Keith Greene","United Kingdom"
"Rob Schroeder","United Kingdom"
"Stirling Moss","United Kingdom"
"Cliff Allison","United Kingdom"
"Tony Brooks","United Kingdom"
"Henry Taylor","United Kingdom"
"Brian Naylor","United Kingdom"
"Jack Fairman","United Kingdom"
"Geoff Duke","United Kingdom"
"Lloyd Ruby","United Kingdom"
"Ken Miles","United Kingdom"
"Alan Stacey","United Kingdom"
"Chris Bristow","United Kingdom"
"Bruce Halford","United Kingdom"
"Mike Taylor","United Kingdom"
"Ron Flockhart","United Kingdom"
"David Piper","United Kingdom"
"Arthur Owen","United Kingdom"
"Horace Gould","United Kingdom"
"Ivor Bueb","United Kingdom"
"Peter Ashdown","United Kingdom"
"Bill Moss","United Kingdom"
"Dennis Taylor","United Kingdom"
"Mike Hawthorn","United Kingdom"
"Peter Collins","United Kingdom"
"Paul Emery","United Kingdom"
"Bernie Ecclestone","United Kingdom"
"Stuart Lewis-Evans","United Kingdom"
"Dick Gibson","United Kingdom"
"Tom Bridger","United Kingdom"
"Les Leston","United Kingdom"
"Mike MacDowel","United Kingdom"
"Bob Gerard","United Kingdom"
"Colin Chapman","United Kingdom"
"Desmond Titterington","United Kingdom"
"Archie Scott Brown","United Kingdom"
"Lance Macklin","United Kingdom"
"Ted Whiteaway","United Kingdom"
"Peter Walker","United Kingdom"
"Ken Wharton","United Kingdom"
"Kenneth McAlpine","United Kingdom"
"Leslie Marr","United Kingdom"
"Tony Rolt","United Kingdom"
"Don Beauman","United Kingdom"
"Leslie Thorne","United Kingdom"
"Bill Whitehouse","United Kingdom"
"John Riseley-Prichard","United Kingdom"
"Reg Parnell","United Kingdom"
"Peter Whitehead","United Kingdom"
"Eric Brandon","United Kingdom"
"Alan Brown","United Kingdom"
"Rodney Nuckey","United Kingdom"
"John Barber","United Kingdom"
"Tony Crook","United Kingdom"
"Jimmy Stewart","United Kingdom"
"Ian Stewart","United Kingdom"
"Duncan Hamilton","United Kingdom"
"George Abecassis","United Kingdom"
"Robin Montgomerie-Charrington","United Kingdom"
"Dennis Poore","United Kingdom"
"Eric Thompson","United Kingdom"
"Kenneth Downing","United Kingdom"
"Graham Whitehead","United Kingdom"
"David Murray","United Kingdom"
"Bill Aston","United Kingdom"
"Philip Fotheringham-Parker","United Kingdom"
"Brian Shawe-Taylor","United Kingdom"
"John James","United Kingdom"
"Ken Richardson","United Kingdom"
"David Hampshire","United Kingdom"
"Geoff Crossley","United Kingdom"
"Cuth Harrison","United Kingdom"
"Joe Fry","United Kingdom"
"Leslie Johnson","United Kingdom"
"Max Chilton","United Kingdom"
"Jacques Villeneuve","Canada"
"Allen Berg","Canada"
"Jacques Villeneuve Sr.","Canada"
"Gilles Villeneuve","Canada"
"Eppie Wietzes","Canada"
"Bill Brack","Canada"
"George Eaton","Canada"
"John Cannon","Canada"
"Al Pease","Canada"
"John Cordts","Canada"
"Peter Broeker","Canada"
"Peter Ryan","Canada"
"Eliseo Salazar","Chile"
"Juan Pablo Montoya","Colombia"
"Roberto Guerrero","Colombia"
"Ricardo Londoño","Colombia"
"Tomáš Enge","Czech Republic"
"Nicolas Kiesa","Danemark"
"Jan Magnussen","Danemark"
"Jac Nelleman","Danemark"
"Tom Belsø","Danemark"
"Kevin Magnussen","Danemark"
"Christijan Albers","Netherlands"
"Robert Doornbos","Netherlands"
"Jos Verstappen","Netherlands"
"Jan Lammers","Netherlands"
"Huub Rothengatter","Netherlands"
"Michael Bleekemolen","Netherlands"
"Boy Lunger","Netherlands"
"Roelof Wunderink","Netherlands"
"Gijs van Lennep","Netherlands"
"Carel Godin de Beaufort","Netherlands"
"Ernie de Vos","Netherlands"
"Ben Pon","Netherlands"
"Rob Slotemaker","Netherlands"
"Dries van der Lof","Netherlands"
"Jan Flinterman","Netherlands"
"Giedo van der Garde","Netherlands"
"Ernst Klodwig","Germany"
"Rudolf Krause","Germany"
"Theo Fitzau","Germany"
"Heikki Kovalainen","Finland"
"Kimi Räikkönen","Finland"
"Mika Häkkinen","Finland"
"Mika Salo","Finland"
"Jyrki Järvilehto","Finland"
"Keke Rosberg","Finland"
"Mikko Kozarowitzky","Finland"
"Leo Kinnunen","Finland"
"Valtteri Bottas","Finland"
"Sébastien Bourdais","France"
"Franck Montagny","France"
"Olivier Panis","France"
"Jean Alesi","France"
"Stéphane Sarrazin","France"
"Jean-Christophe Boullion","France"
"Érik Comas","France"
"Éric Bernard","France"
"Paul Belmondo","France"
"Jean-Marc Gounon","France"
"Philippe Alliot","France"
"Yannick Dalmas","France"
"Franck Lagorce","France"
"Alain Prost","France"
"Olivier Grouillard","France"
"Romain Grosjean","France"
"Pierre-Henri Raphanel","France"
"René Arnoux","France"
"Philippe Streiff","France"
"Jean-Louis Schlesser","France"
"Pascal Fabre","France"
"Jacques Laffite","France"
"Patrick Tambay","France"
"François Hesnault","France"
"Jean-Pierre Jarier","France"
"Didier Pironi","France"
"Jean-Pierre Jabouille","France"
"Patrick Depailler","France"
"Patrick Gaillard","France"
"Michel Leclère","France"
"Henri Pescarolo","France"
"François Migault","France"
"Jean-Pierre Beltoise","France"
"Gérard Larrousse","France"
"José Dolhem","France"
"François Cevert","France"
"François Mazet","France"
"Max Jean","France"
"Johnny Servoz-Gavin","France"
"Jo Schlesser","France"
"Guy Ligier","France"
"Maurice Trintignant","France"
"Bernard Collomb","France"
"Jean Lucienbonnet","France"
"Jean Behra","France"
"Robert La Caze","France"
"André Guelfi","France"
"François Picard","France"
"André Simon","France"
"Élie Bayol","France"
"Robert Manzon","France"
"Louis Rosier","France"
"Jacques Pollet","France"
"Mike Sparken","France"
"Jean Lucas","France"
"Roger Loyer","France"
"Yves Giraud-Cabantous","France"
"Philippe Étancelin","France"
"Marcel Balsa","France"
"Guy Mairesse","France"
"Henri Louveau","France"
"Pierre Levegh","France"
"Eugène Chaboud","France"
"Aldo Gordini","France"
"Georges Grignard","France"
"Eugène Martin","France"
"Raymond Sommer","France"
"Charles Pozzi","France"
"Jean-Éric Vergne","France"
"Charles Pic","France"
"Jules Bianchi","France"
"Nick Heidfeld","Germany"
"Nico Rosberg","Germany"
"Timo Glock","Germany"
"Adrian Sutil","Germany"
"Sebastian Vettel","Germany"
"Ralf Schumacher","Germany"
"Markus Winkelhock","Germany"
"Michael Schumacher","Germany"
"Heinz-Harald Frentzen","Germany"
"Michael Bartels","Germany"
"Bernd Schneider","Germany"
"Christian Danner","Germany"
"Volker Weidler","Germany"
"Joachim Winkelhock","Germany"
"Manfred Winkelhock","Germany"
"Stefan Bellof","Germany"
"Jochen Mass","Germany"
"Hans-Joachim Stuck","Germany"
"Rolf Stommelen","Germany"
"Hans Heyer","Germany"
"Hubert Hahne","Germany"
"Kurt Ahrens","Germany"
"Gerhard Mitter","Germany"
"Edgar Barth","Germany"
"Kurt Kuhnke","Germany"
"Günther Seiffert","Germany"
"Wolfgang Seidel","Germany"
"Wolfgang von Trips","Germany"
"Hans Herrmann","Germany"
"Karl Kling","Germany"
"Hermann Lang","Germany"
"Theo Helfrich","Germany"
"Oswald Karch","Germany"
"Willi Heeks","Germany"
"Kurt Adolff","Germany"
"Günther Bechem","Germany"
"Erwin Bauer","Germany"
"Hans Stuck","Germany"
"Ernst Loof","Germany"
"Toni Ulmen","Germany"
"Adolf Brudes","Germany"
"Fritz Riess","Germany"
"Helmut Niedermayr","Germany"
"Hans Klenk","Germany"
"Paul Pietsch","Germany"
"Josef Peters","Germany"
"Nico Hülkenberg","Germany"
"André Lotterer","Germany"
"Zsolt Baumgartner","Hungary"
"Narain Karthikeyan","India"
"Karun Chandhok","India"
"Ralph Firman","Republic of Ireland"
"Derek Daly","Republic of Ireland"
"Tommy Byrne","Republic of Ireland"
"Dave Kennedy","Republic of Ireland"
"Joe Kelly","Republic of Ireland"
"Jarno Trulli","Italy"
"Giancarlo Fisichella","Italy"
"Vitantonio Liuzzi","Italy"
"Giorgio Pantano","Italy"
"Gianmaria Bruni","Italy"
"Luca Badoer","Italy"
"Alessandro Zanardi","Italy"
"Nicola Larini","Italy"
"Vincenzo Sospiri","Italy"
"Gianni Morbidelli","Italy"
"Andrea Montermini","Italy"
"Giovanni Lavaggi","Italy"
"Domenico Schiattarella","Italy"
"Pierluigi Martini","Italy"
"Massimiliano Papis","Italy"
"Gabriele Tarquini","Italy"
"Michele Alboreto","Italy"
"Andrea de Cesaris","Italy"
"Riccardo Patrese","Italy"
"Fabrizio Barbazza","Italy"
"Ivan Capelli","Italy"
"Marco Apicella","Italy"
"Emanuele Naspetti","Italy"
"Stefano Modena","Italy"
"Giovanna Amati","Italy"
"Alex Caffi","Italy"
"Enrico Bertaggia","Italy"
"Emanuele Pirro","Italy"
"Alessandro Nannini","Italy"
"Paolo Barilla","Italy"
"Claudio Langes","Italy"
"Bruno Giacomelli","Italy"
"Piercarlo Ghinzani","Italy"
"Teo Fabi","Italy"
"Elio de Angelis","Italy"
"Mauro Baldi","Italy"
"Corrado Fabi","Italy"
"Riccardo Paletti","Italy"
"Beppe Gabbiani","Italy"
"Siegfried Stohr","Italy"
"Giorgio Francia","Italy"
"Vittorio Brambilla","Italy"
"Arturo Merzario","Italy"
"Gianfranco Brancatelli","Italy"
"Lamberto Leoni","Italy"
"Alberto Colombo","Italy"
"Carlo Franchi","Italy"
"Renzo Zorzi","Italy"
"Lella Lombardi","Italy"
"Alessandro Pesenti-Rossi","Italy"
"Carlo Facetti","Italy"
"Nanni Galli","Italy"
"Andrea de Adamich","Italy"
"Ignazio Giunti","Italy"
"Ludovico Scarfiotti","Italy"
"Lorenzo Bandini","Italy"
"Giancarlo Baghetti","Italy"
"Giacomo Russo","Italy"
"Roberto Bussinello","Italy"
"Nino Vaccarella","Italy"
"Giorgio Bassi","Italy"
"Ernesto Brambilla","Italy"
"Roberto Lippi","Italy"
"Carlo Abate","Italy"
"Gaetano Starrabba","Italy"
"Ernesto Prinoth","Italy"
"Giorgio Scarlatti","Italy"
"Massimo Natili","Italy"
"Renato Pirocchi","Italy"
"Menato Boffa","Italy"
"Gino Munaron","Italy"
"Giulio Cabianca","Italy"
"Piero Drogo","Italy"
"Maria de Filippis","Italy"
"Luigi Musso","Italy"
"Gerino Gerini","Italy"
"Luigi Piotti","Italy"
"Luigi Taramazzo","Italy"
"Cesare Perdisa","Italy"
"Eugenio Castellotti","Italy"
"Umberto Maglioli","Italy"
"Luigi Villoresi","Italy"
"Piero Scotti","Italy"
"Piero Taruffi","Italy"
"Guiseppe Farina","Italy"
"Sergio Mantovani","Italy"
"Alberto Ascari","Italy"
"Giovanni de Riu","Italy"
"Felice Bonetto","Italy"
"Piero Carini","Italy"
"Franco Comotti","Italy"
"Piero Dusio","Italy"
"Franco Rol","Italy"
"Consalvo Sanesi","Italy"
"Luigi Fagioli","Italy"
"Clemente Biondetti","Italy"
"Nello Pagani","Italy"
"Dorino Serafini","Italy"
"Kazuki Nakajima","Japan"
"Takuma Sato","Japan"
"Sakon Yamamoto","Japan"
"Yuji Ide","Japan"
"Toranosuke Takagi","Japan"
"Shinji Nakano","Japan"
"Ukyo Katayama","Japan"
"Aguri Suzuki","Japan"
"Taki Inoue","Japan"
"Hideki Noda","Japan"
"Toshio Suzuki","Japan"
"Satoru Nakajima","Japan"
"Naoki Hattori","Japan"
"Kamui Kobayashi","Japan"
"Kunimitsu Takahashi","Japan"
"Kazuyoshi Hoshino","Japan"
"Noritake Takahara","Japan"
"Masahiro Hasemi","Japan"
"Hiroshi Fushida","Japan"
"Rikky von Opel","Liechtenstein"
"Alex Yoong","Malaysia"
"Hector Rebaque","Mexico"
"Pedro Rodríguez","Mexico"
"Moisés Solana","Mexico"
"Ricardo Rodríguez","Mexico"
"Sergio Pérez","Mexico"
"Esteban Gutiérrez","Mexico"
"Olivier Beretta","Monaco"
"André Testut","Monaco"
"Louis Chiron","Monaco"
"Mike Thackwell","New Zealand"
"Chris Amon","New Zealand"
"John Nicholson","New Zealand"
"Denny Hulme","New Zealand"
"Howden Ganley","New Zealand"
"Graham McRae","New Zealand"
"Bruce McLaren","New Zealand"
"Tony Shelly","New Zealand"
"Robert Kubica","Poland"
"Tiago Monteiro","Portugal"
"Pedro Lamy","Portugal"
"Pedro Chaves","Portugal"
"Mário de Araújo Cabral","Portugal"
"John Love","Rhodesia"
"Sam Tingle","Rhodesia"
"Clive Puzey","Rhodesia"
"Gary Hocking","Rhodesia"
"Vitaly Petrov","Russia"
"Daniil Kvyat","Russia"
"Paul di Resta","United Kingdom"
"Jody Scheckter","South Africa"
"Desiré Wilson","South Africa"
"Ian Scheckter","South Africa"
"Guy Tunmer","South Africa"
"Eddie Keizan","South Africa"
"Dave Charlton","South Africa"
"Paddy Driver","South Africa"
"Jackie Pretorius","South Africa"
"Peter de Klerk","South Africa"
"Basil van Rooyen","South Africa"
"Luki Botha","South Africa"
"Tony Maggs","South Africa"
"Trevor Blokdyk","South Africa"
"Neville Lederle","South Africa"
"Doug Serrurier","South Africa"
"Brausch Niemann","South Africa"
"Ernie Pieterse","South Africa"
"Ray Reed","South Africa"
"David Clapham","South Africa"
"Alex Blignaut","South Africa"
"Bruce Johnstone","South Africa"
"Mike Harris","South Africa"
"Syd van der Vyver","South Africa"
"Fernando Alonso","Spain"
"Pedro de la Rosa","Spain"
"Marc Gené","Spain"
"Jaime Alguersuari","Spain"
"Luis Pérez-Sala","Spain"
"Adrián Campos","Spain"
"Emilio de Villota","Spain"
"Emilio Zapico","Spain"
"Alex Soler-Roig","Spain"
"Antonio Creus","Spain"
"Paco Godia","Spain"
"Alfonso de Portago","Spain"
"Juan Jover","Spain"
"Stefan Johansson","Sweden"
"Slim Borgudd","Sweden"
"Ronnie Peterson","Sweden"
"Gunnar Nilsson","Sweden"
"Conny Andersson","Sweden"
"Torsten Palm","Sweden"
"Reine Wisell","Sweden"
"Bertil Roos","Sweden"
"Jo Bonnier","Sweden"
"Marcus Ericsson","Sweden"
"Sébastien Buemi","Switzerland"
"Jean-Denis Délétraz","Switzerland"
"Andrea Chiesa","Switzerland"
"Gregor Foitek","Switzerland"
"Franco Forini","Switzerland"
"Marc Surer","Switzerland"
"Clay Regazzoni","Switzerland"
"Loris Kessel","Switzerland"
"Jo Vonlanthen","Switzerland"
"Jo Siffert","Switzerland"
"Silvio Moser","Switzerland"
"Heinz Schiller","Switzerland"
"Heini Walter","Switzerland"
"Michael May","Switzerland"
"Peter Monteverdi","Switzerland"
"Ottorino Volonterio","Switzerland"
"Emmanuel de Graffenried","Switzerland"
"Albert Scherrer","Switzerland"
"Max de Terra","Switzerland"
"Peter Hirt","Switzerland"
"Rudi Fischer","Switzerland"
"Rudolf Schoeller","Switzerland"
"Toni Branca","Switzerland"
"Prince Bira","Thailand"
"Azdrubal Fontes","Uruguay"
"Alberto Uria","Uruguay"
"Heitel Cantoni","Uruguay"
"Óscar González","Uruguay"
"Johnny Cecotto","Venezuela"
"Ettore Chimeri","Venezuela"
"Pastor Maldonado","Venezuela"
