"799","1954 Argentine Grand Prix","1954-01-17","4"
"801","1954 Belgian Grand Prix","1954-06-20","4"
"802","1954 French Grand Prix","1954-07-04","4"
"803","1954 British Grand Prix","1954-07-17","4"
"804","1954 German Grand Prix","1954-08-01","4"
"805","1954 Swiss Grand Prix","1954-08-22","4"
"806","1954 Italian Grand Prix","1954-09-05","4"
"807","1954 Spanish Grand Prix","1954-10-24","4"
"792","1955 Argentine Grand Prix","1955-01-16","4"
"793","1955 Monaco Grand Prix","1955-05-22","4"
"795","1955 Belgian Grand Prix","1955-06-05","4"
"796","1955 Dutch Grand Prix","1955-06-19","4"
"797","1955 British Grand Prix","1955-07-16","4"
"798","1955 Italian Grand Prix","1955-09-11","4"
"784","1956 Argentine Grand Prix","1956-01-22","4"
"785","1956 Monaco Grand Prix","1956-05-13","4"
"787","1956 Belgian Grand Prix","1956-06-03","4"
"788","1956 French Grand Prix","1956-07-01","4"
"789","1956 British Grand Prix","1956-07-14","4"
"790","1956 German Grand Prix","1956-08-05","4"
"791","1956 Italian Grand Prix","1956-09-02","4"
"776","1957 Argentine Grand Prix","1957-01-13","4"
"777","1957 Monaco Grand Prix","1957-05-19","4"
"779","1957 French Grand Prix","1957-07-07","4"
"780","1957 British Grand Prix","1957-07-20","4"
"781","1957 German Grand Prix","1957-08-04","4"
"782","1957 Pescara Grand Prix","1957-08-18","4"
"783","1957 Italian Grand Prix","1957-09-08","4"
"765","1958 Argentine Grand Prix","1958-01-19","4"
"766","1958 Monaco Grand Prix","1958-05-18","4"
"767","1958 Dutch Grand Prix","1958-05-26","4"
"769","1958 Belgian Grand Prix","1958-06-15","4"
"770","1958 French Grand Prix","1958-07-06","4"
"771","1958 British Grand Prix","1958-07-19","4"
"772","1958 German Grand Prix","1958-08-03","4"
"773","1958 Portuguese Grand Prix","1958-08-24","4"
"774","1958 Italian Grand Prix","1958-09-07","4"
"775","1958 Moroccan Grand Prix","1958-10-19","4"
"756","1959 Monaco Grand Prix","1959-05-10","4"
"758","1959 Dutch Grand Prix","1959-05-31","4"
"759","1959 French Grand Prix","1959-07-05","4"
"760","1959 British Grand Prix","1959-07-18","4"
"761","1959 German Grand Prix","1959-08-02","4"
"762","1959 Portuguese Grand Prix","1959-08-23","4"
"763","1959 Italian Grand Prix","1959-09-13","4"
"764","1959 United States Grand Prix","1959-12-12","4"
"746","1960 Argentine Grand Prix","1960-02-07","4"
"747","1960 Monaco Grand Prix","1960-05-29","4"
"749","1960 Dutch Grand Prix","1960-06-06","4"
"750","1960 Belgian Grand Prix","1960-06-19","4"
"751","1960 French Grand Prix","1960-07-03","4"
"752","1960 British Grand Prix","1960-07-16","4"
"753","1960 Portuguese Grand Prix","1960-08-14","4"
"754","1960 Italian Grand Prix","1960-09-04","4"
"755","1960 United States Grand Prix","1960-11-20","4"
"738","1961 Monaco Grand Prix","1961-05-14","4"
"739","1961 Dutch Grand Prix","1961-05-22","4"
"740","1961 Belgian Grand Prix","1961-06-18","4"
"741","1961 French Grand Prix","1961-07-02","4"
"742","1961 British Grand Prix","1961-07-15","4"
"743","1961 German Grand Prix","1961-08-06","4"
"744","1961 Italian Grand Prix","1961-09-10","4"
"745","1961 United States Grand Prix","1961-10-08","4"
"729","1962 Dutch Grand Prix","1962-05-20","4"
"730","1962 Monaco Grand Prix","1962-06-03","4"
"731","1962 Belgian Grand Prix","1962-06-17","4"
"732","1962 French Grand Prix","1962-07-08","4"
"733","1962 British Grand Prix","1962-07-21","4"
"734","1962 German Grand Prix","1962-08-05","4"
"735","1962 Italian Grand Prix","1962-09-16","4"
"736","1962 United States Grand Prix","1962-10-07","4"
"737","1962 South African Grand Prix","1962-12-29","4"
"719","1963 Monaco Grand Prix","1963-05-26","4"
"720","1963 Belgian Grand Prix","1963-06-09","4"
"721","1963 Dutch Grand Prix","1963-06-23","4"
"722","1963 French Grand Prix","1963-06-30","4"
"723","1963 British Grand Prix","1963-07-20","4"
"724","1963 German Grand Prix","1963-08-04","4"
"725","1963 Italian Grand Prix","1963-09-08","4"
"726","1963 United States Grand Prix","1963-10-06","4"
"727","1963 Mexican Grand Prix","1963-10-27","4"
"728","1963 South African Grand Prix","1963-12-28","4"
"709","1964 Monaco Grand Prix","1964-05-10","4"
"710","1964 Dutch Grand Prix","1964-05-24","4"
"711","1964 Belgian Grand Prix","1964-06-14","4"
"712","1964 French Grand Prix","1964-06-28","4"
"713","1964 British Grand Prix","1964-07-11","4"
"714","1964 German Grand Prix","1964-08-02","4"
"715","1964 Austrian Grand Prix","1964-08-23","4"
"716","1964 Italian Grand Prix","1964-09-06","4"
"717","1964 United States Grand Prix","1964-10-04","4"
"718","1964 Mexican Grand Prix","1964-10-25","4"
"699","1965 South African Grand Prix","1965-01-01","4"
"700","1965 Monaco Grand Prix","1965-05-30","4"
"701","1965 Belgian Grand Prix","1965-06-13","4"
"702","1965 French Grand Prix","1965-06-27","4"
"703","1965 British Grand Prix","1965-07-10","4"
"704","1965 Dutch Grand Prix","1965-07-18","4"
"705","1965 German Grand Prix","1965-08-01","4"
"706","1965 Italian Grand Prix","1965-09-12","4"
"707","1965 United States Grand Prix","1965-10-03","4"
"708","1965 Mexican Grand Prix","1965-10-24","4"
"690","1966 Monaco Grand Prix","1966-05-22","4"
"691","1966 Belgian Grand Prix","1966-06-12","4"
"692","1966 French Grand Prix","1966-07-03","4"
"693","1966 British Grand Prix","1966-07-16","4"
"694","1966 Dutch Grand Prix","1966-07-24","4"
"695","1966 German Grand Prix","1966-08-07","4"
"696","1966 Italian Grand Prix","1966-09-04","4"
"697","1966 United States Grand Prix","1966-10-02","4"
"698","1966 Mexican Grand Prix","1966-10-23","4"
"679","1967 South African Grand Prix","1967-01-02","4"
"680","1967 Monaco Grand Prix","1967-05-07","4"
"681","1967 Dutch Grand Prix","1967-06-04","4"
"682","1967 Belgian Grand Prix","1967-06-18","4"
"683","1967 French Grand Prix","1967-07-02","4"
"684","1967 British Grand Prix","1967-07-15","4"
"685","1967 German Grand Prix","1967-08-06","4"
"686","1967 Canadian Grand Prix","1967-08-27","4"
"687","1967 Italian Grand Prix","1967-09-10","4"
"688","1967 United States Grand Prix","1967-10-01","4"
"689","1967 Mexican Grand Prix","1967-10-22","4"
"667","1968 South African Grand Prix","1968-01-01","4"
"668","1968 Spanish Grand Prix","1968-05-12","4"
"669","1968 Monaco Grand Prix","1968-05-26","4"
"670","1968 Belgian Grand Prix","1968-06-09","4"
"671","1968 Dutch Grand Prix","1968-06-23","4"
"672","1968 French Grand Prix","1968-07-07","4"
"673","1968 British Grand Prix","1968-07-20","4"
"674","1968 German Grand Prix","1968-08-04","4"
"675","1968 Italian Grand Prix","1968-09-08","4"
"676","1968 Canadian Grand Prix","1968-09-22","4"
"677","1968 United States Grand Prix","1968-10-06","4"
"678","1968 Mexican Grand Prix","1968-11-03","4"
"656","1969 South African Grand Prix","1969-03-01","4"
"657","1969 Spanish Grand Prix","1969-05-04","4"
"658","1969 Monaco Grand Prix","1969-05-18","4"
"659","1969 Dutch Grand Prix","1969-06-21","4"
"660","1969 French Grand Prix","1969-07-06","4"
"661","1969 British Grand Prix","1969-07-19","4"
"662","1969 German Grand Prix","1969-08-03","4"
"663","1969 Italian Grand Prix","1969-09-07","4"
"664","1969 Canadian Grand Prix","1969-09-20","4"
"665","1969 United States Grand Prix","1969-10-05","4"
"666","1969 Mexican Grand Prix","1969-10-19","4"
"643","1970 South African Grand Prix","1970-03-07","4"
"644","1970 Spanish Grand Prix","1970-04-19","4"
"645","1970 Monaco Grand Prix","1970-05-10","4"
"646","1970 Belgian Grand Prix","1970-06-07","4"
"647","1970 Dutch Grand Prix","1970-06-21","4"
"648","1970 French Grand Prix","1970-07-05","4"
"649","1970 British Grand Prix","1970-07-18","4"
"650","1970 German Grand Prix","1970-08-02","4"
"651","1970 Austrian Grand Prix","1970-08-16","4"
"652","1970 Italian Grand Prix","1970-09-06","4"
"653","1970 Canadian Grand Prix","1970-09-20","4"
"654","1970 United States Grand Prix","1970-10-04","4"
"655","1970 Mexican Grand Prix","1970-10-25","4"
"632","1971 South African Grand Prix","1971-03-06","4"
"633","1971 Spanish Grand Prix","1971-04-18","4"
"634","1971 Monaco Grand Prix","1971-05-23","4"
"635","1971 Dutch Grand Prix","1971-06-20","4"
"636","1971 French Grand Prix","1971-07-04","4"
"637","1971 British Grand Prix","1971-07-17","4"
"638","1971 German Grand Prix","1971-08-01","4"
"639","1971 Austrian Grand Prix","1971-08-15","4"
"640","1971 Italian Grand Prix","1971-09-05","4"
"641","1971 Canadian Grand Prix","1971-09-19","4"
"642","1971 United States Grand Prix","1971-10-03","4"
"620","1972 Argentine Grand Prix","1972-01-23","4"
"621","1972 South African Grand Prix","1972-03-04","4"
"622","1972 Spanish Grand Prix","1972-05-01","4"
"623","1972 Monaco Grand Prix","1972-05-14","4"
"624","1972 Belgian Grand Prix","1972-06-04","4"
"625","1972 French Grand Prix","1972-07-02","4"
"626","1972 British Grand Prix","1972-07-15","4"
"627","1972 German Grand Prix","1972-07-30","4"
"628","1972 Austrian Grand Prix","1972-08-13","4"
"629","1972 Italian Grand Prix","1972-09-10","4"
"630","1972 Canadian Grand Prix","1972-09-24","4"
"631","1972 United States Grand Prix","1972-10-08","4"
"605","1973 Argentine Grand Prix","1973-01-28","4"
"606","1973 Brazilian Grand Prix","1973-02-11","4"
"607","1973 South African Grand Prix","1973-03-03","4"
"608","1973 Spanish Grand Prix","1973-04-29","4"
"609","1973 Belgian Grand Prix","1973-05-20","4"
"610","1973 Monaco Grand Prix","1973-06-03","4"
"611","1973 Swedish Grand Prix","1973-06-17","4"
"612","1973 French Grand Prix","1973-07-01","4"
"613","1973 British Grand Prix","1973-07-14","4"
"614","1973 Dutch Grand Prix","1973-07-29","4"
"615","1973 German Grand Prix","1973-08-05","4"
"616","1973 Austrian Grand Prix","1973-08-19","4"
"617","1973 Italian Grand Prix","1973-09-09","4"
"618","1973 Canadian Grand Prix","1973-09-23","4"
"619","1973 United States Grand Prix","1973-10-07","4"
"590","1974 Argentine Grand Prix","1974-01-13","4"
"591","1974 Brazilian Grand Prix","1974-01-27","4"
"592","1974 South African Grand Prix","1974-03-30","4"
"593","1974 Spanish Grand Prix","1974-04-28","4"
"594","1974 Belgian Grand Prix","1974-05-12","4"
"595","1974 Monaco Grand Prix","1974-05-26","4"
"596","1974 Swedish Grand Prix","1974-06-09","4"
"597","1974 Dutch Grand Prix","1974-06-23","4"
"598","1974 French Grand Prix","1974-07-07","4"
"599","1974 British Grand Prix","1974-07-20","4"
"600","1974 German Grand Prix","1974-08-04","4"
"601","1974 Austrian Grand Prix","1974-08-18","4"
"602","1974 Italian Grand Prix","1974-09-08","4"
"603","1974 Canadian Grand Prix","1974-09-22","4"
"604","1974 United States Grand Prix","1974-10-06","4"
"576","1975 Argentine Grand Prix","1975-01-12","4"
"577","1975 Brazilian Grand Prix","1975-01-26","4"
"578","1975 South African Grand Prix","1975-03-01","4"
"579","1975 Spanish Grand Prix","1975-04-27","4"
"580","1975 Monaco Grand Prix","1975-05-11","4"
"581","1975 Belgian Grand Prix","1975-05-25","4"
"582","1975 Swedish Grand Prix","1975-06-08","4"
"583","1975 Dutch Grand Prix","1975-06-22","4"
"584","1975 French Grand Prix","1975-07-06","4"
"585","1975 British Grand Prix","1975-07-19","4"
"586","1975 German Grand Prix","1975-08-03","4"
"587","1975 Austrian Grand Prix","1975-08-17","4"
"588","1975 Italian Grand Prix","1975-09-07","4"
"589","1975 United States Grand Prix","1975-10-05","4"
"560","1976 Brazilian Grand Prix","1976-01-25","4"
"561","1976 South African Grand Prix","1976-03-06","4"
"562","1976 United States Grand Prix West","1976-03-28","4"
"563","1976 Spanish Grand Prix","1976-05-02","4"
"564","1976 Belgian Grand Prix","1976-05-16","4"
"565","1976 Monaco Grand Prix","1976-05-30","4"
"566","1976 Swedish Grand Prix","1976-06-13","4"
"567","1976 French Grand Prix","1976-07-04","4"
"568","1976 British Grand Prix","1976-07-18","4"
"569","1976 German Grand Prix","1976-08-01","4"
"570","1976 Austrian Grand Prix","1976-08-15","4"
"571","1976 Dutch Grand Prix","1976-08-29","4"
"572","1976 Italian Grand Prix","1976-09-12","4"
"573","1976 Canadian Grand Prix","1976-10-03","4"
"574","1976 United States Grand Prix","1976-10-10","4"
"575","1976 Japanese Grand Prix","1976-10-24","4"
"543","1977 Argentine Grand Prix","1977-01-09","4"
"544","1977 Brazilian Grand Prix","1977-01-23","4"
"545","1977 South African Grand Prix","1977-03-05","4"
"546","1977 United States Grand Prix West","1977-04-03","4"
"547","1977 Spanish Grand Prix","1977-05-08","4"
"548","1977 Monaco Grand Prix","1977-05-22","4"
"549","1977 Belgian Grand Prix","1977-06-05","4"
"550","1977 Swedish Grand Prix","1977-06-19","4"
"551","1977 French Grand Prix","1977-07-03","4"
"552","1977 British Grand Prix","1977-07-16","4"
"553","1977 German Grand Prix","1977-07-31","4"
"554","1977 Austrian Grand Prix","1977-08-14","4"
"555","1977 Dutch Grand Prix","1977-08-28","4"
"556","1977 Italian Grand Prix","1977-09-11","4"
"557","1977 United States Grand Prix","1977-10-02","4"
"558","1977 Canadian Grand Prix","1977-10-09","4"
"559","1977 Japanese Grand Prix","1977-10-23","4"
"527","1978 Argentine Grand Prix","1978-01-15","4"
"528","1978 Brazilian Grand Prix","1978-01-29","4"
"529","1978 South African Grand Prix","1978-03-04","4"
"530","1978 United States Grand Prix West","1978-04-02","4"
"531","1978 Monaco Grand Prix","1978-05-07","4"
"532","1978 Belgian Grand Prix","1978-05-21","4"
"533","1978 Spanish Grand Prix","1978-06-04","4"
"534","1978 Swedish Grand Prix","1978-06-17","4"
"535","1978 French Grand Prix","1978-07-02","4"
"536","1978 British Grand Prix","1978-07-16","4"
"537","1978 German Grand Prix","1978-07-30","4"
"538","1978 Austrian Grand Prix","1978-08-13","4"
"539","1978 Dutch Grand Prix","1978-08-27","4"
"540","1978 Italian Grand Prix","1978-09-10","4"
"541","1978 United States Grand Prix","1978-10-01","4"
"542","1978 Canadian Grand Prix","1978-10-08","4"
"512","1979 Argentine Grand Prix","1979-01-21","4"
"513","1979 Brazilian Grand Prix","1979-02-04","4"
"514","1979 South African Grand Prix","1979-03-03","4"
"515","1979 United States Grand Prix West","1979-04-08","4"
"516","1979 Spanish Grand Prix","1979-04-29","4"
"517","1979 Belgian Grand Prix","1979-05-13","4"
"518","1979 Monaco Grand Prix","1979-05-27","4"
"519","1979 French Grand Prix","1979-07-01","4"
"520","1979 British Grand Prix","1979-07-14","4"
"521","1979 German Grand Prix","1979-07-29","4"
"522","1979 Austrian Grand Prix","1979-08-12","4"
"523","1979 Dutch Grand Prix","1979-08-26","4"
"524","1979 Italian Grand Prix","1979-09-09","4"
"525","1979 Canadian Grand Prix","1979-09-30","4"
"526","1979 United States Grand Prix","1979-10-07","4"
"498","1980 Argentine Grand Prix","1980-01-13","4"
"499","1980 Brazilian Grand Prix","1980-01-27","4"
"500","1980 South African Grand Prix","1980-03-01","4"
"501","1980 United States Grand Prix West","1980-03-30","4"
"502","1980 Belgian Grand Prix","1980-05-04","4"
"503","1980 Monaco Grand Prix","1980-05-18","4"
"504","1980 French Grand Prix","1980-06-29","4"
"505","1980 British Grand Prix","1980-07-13","4"
"506","1980 German Grand Prix","1980-08-10","4"
"507","1980 Austrian Grand Prix","1980-08-17","4"
"508","1980 Dutch Grand Prix","1980-08-31","4"
"509","1980 Italian Grand Prix","1980-09-14","4"
"510","1980 Canadian Grand Prix","1980-09-28","4"
"511","1980 United States Grand Prix","1980-10-05","4"
"483","1981 United States Grand Prix West","1981-03-15","4"
"484","1981 Brazilian Grand Prix","1981-03-29","4"
"485","1981 Argentine Grand Prix","1981-04-12","4"
"486","1981 San Marino Grand Prix","1981-05-03","4"
"487","1981 Belgian Grand Prix","1981-05-17","4"
"488","1981 Monaco Grand Prix","1981-05-31","4"
"489","1981 Spanish Grand Prix","1981-06-21","4"
"490","1981 French Grand Prix","1981-07-05","4"
"491","1981 British Grand Prix","1981-07-18","4"
"492","1981 German Grand Prix","1981-08-02","4"
"493","1981 Austrian Grand Prix","1981-08-16","4"
"494","1981 Dutch Grand Prix","1981-08-30","4"
"495","1981 Italian Grand Prix","1981-09-13","4"
"496","1981 Canadian Grand Prix","1981-09-27","4"
"497","1981 Caesars Palace Grand Prix","1981-10-17","4"
"467","1982 South African Grand Prix","1982-01-23","4"
"468","1982 Brazilian Grand Prix","1982-03-21","4"
"469","1982 United States Grand Prix West","1982-04-04","4"
"470","1982 San Marino Grand Prix","1982-04-25","4"
"471","1982 Belgian Grand Prix","1982-05-09","4"
"472","1982 Monaco Grand Prix","1982-05-23","4"
"473","1982 Detroit Grand Prix","1982-06-06","4"
"474","1982 Canadian Grand Prix","1982-06-13","4"
"475","1982 Dutch Grand Prix","1982-07-03","4"
"476","1982 British Grand Prix","1982-07-18","4"
"477","1982 French Grand Prix","1982-07-25","4"
"478","1982 German Grand Prix","1982-08-08","4"
"479","1982 Austrian Grand Prix","1982-08-15","4"
"480","1982 Swiss Grand Prix","1982-08-29","4"
"481","1982 Italian Grand Prix","1982-09-12","4"
"482","1982 Caesars Palace Grand Prix","1982-09-25","4"
"452","1983 Brazilian Grand Prix","1983-03-13","4"
"453","1983 United States Grand Prix West","1983-03-27","4"
"454","1983 French Grand Prix","1983-04-17","4"
"455","1983 San Marino Grand Prix","1983-05-01","4"
"456","1983 Monaco Grand Prix","1983-05-15","4"
"457","1983 Belgian Grand Prix","1983-05-22","4"
"458","1983 Detroit Grand Prix","1983-06-05","4"
"459","1983 Canadian Grand Prix","1983-06-12","4"
"460","1983 British Grand Prix","1983-07-16","4"
"461","1983 German Grand Prix","1983-08-07","4"
"462","1983 Austrian Grand Prix","1983-08-14","4"
"463","1983 Dutch Grand Prix","1983-08-28","4"
"464","1983 Italian Grand Prix","1983-09-11","4"
"465","1983 European Grand Prix","1983-09-25","4"
"466","1983 South African Grand Prix","1983-10-15","4"
"436","1984 Brazilian Grand Prix","1984-03-25","4"
"437","1984 South African Grand Prix","1984-04-07","4"
"438","1984 Belgian Grand Prix","1984-04-29","4"
"439","1984 San Marino Grand Prix","1984-05-06","4"
"440","1984 French Grand Prix","1984-05-20","4"
"441","1984 Monaco Grand Prix","1984-06-03","4"
"442","1984 Canadian Grand Prix","1984-06-17","4"
"443","1984 Detroit Grand Prix","1984-06-24","4"
"444","1984 Dallas Grand Prix","1984-07-08","4"
"445","1984 British Grand Prix","1984-07-22","4"
"446","1984 German Grand Prix","1984-08-05","4"
"447","1984 Austrian Grand Prix","1984-08-19","4"
"448","1984 Dutch Grand Prix","1984-08-26","4"
"449","1984 Italian Grand Prix","1984-09-09","4"
"450","1984 European Grand Prix","1984-10-07","4"
"451","1984 Portuguese Grand Prix","1984-10-21","4"
"420","1985 Brazilian Grand Prix","1985-04-07","4"
"421","1985 Portuguese Grand Prix","1985-04-21","4"
"422","1985 San Marino Grand Prix","1985-05-05","4"
"423","1985 Monaco Grand Prix","1985-05-19","4"
"424","1985 Canadian Grand Prix","1985-06-16","4"
"425","1985 Detroit Grand Prix","1985-06-23","4"
"426","1985 French Grand Prix","1985-07-07","4"
"427","1985 British Grand Prix","1985-07-21","4"
"428","1985 German Grand Prix","1985-08-04","4"
"429","1985 Austrian Grand Prix","1985-08-18","4"
"430","1985 Dutch Grand Prix","1985-08-25","4"
"431","1985 Italian Grand Prix","1985-09-08","4"
"432","1985 Belgian Grand Prix","1985-09-15","4"
"433","1985 European Grand Prix","1985-10-06","4"
"434","1985 South African Grand Prix","1985-10-19","4"
"435","1985 Australian Grand Prix","1985-11-03","4"
"404","1986 Brazilian Grand Prix","1986-03-23","4"
"405","1986 Spanish Grand Prix","1986-04-13","4"
"406","1986 San Marino Grand Prix","1986-04-27","4"
"407","1986 Monaco Grand Prix","1986-05-11","4"
"408","1986 Belgian Grand Prix","1986-05-25","4"
"409","1986 Canadian Grand Prix","1986-06-15","4"
"410","1986 Detroit Grand Prix","1986-06-22","4"
"411","1986 French Grand Prix","1986-07-06","4"
"412","1986 British Grand Prix","1986-07-13","4"
"413","1986 German Grand Prix","1986-07-27","4"
"414","1986 Hungarian Grand Prix","1986-08-10","4"
"415","1986 Austrian Grand Prix","1986-08-17","4"
"416","1986 Italian Grand Prix","1986-09-07","4"
"417","1986 Portuguese Grand Prix","1986-09-21","4"
"418","1986 Mexican Grand Prix","1986-10-12","4"
"419","1986 Australian Grand Prix","1986-10-26","4"
"388","1987 Brazilian Grand Prix","1987-04-12","4"
"389","1987 San Marino Grand Prix","1987-05-03","4"
"390","1987 Belgian Grand Prix","1987-05-17","4"
"391","1987 Monaco Grand Prix","1987-05-31","4"
"397","1987 Austrian Grand Prix","1987-06-18","4"
"392","1987 Detroit Grand Prix","1987-06-21","4"
"393","1987 French Grand Prix","1987-07-05","4"
"394","1987 British Grand Prix","1987-07-12","4"
"395","1987 German Grand Prix","1987-07-26","4"
"396","1987 Hungarian Grand Prix","1987-08-09","4"
"398","1987 Italian Grand Prix","1987-09-06","4"
"399","1987 Portuguese Grand Prix","1987-09-20","4"
"400","1987 Spanish Grand Prix","1987-09-27","4"
"401","1987 Mexican Grand Prix","1987-10-18","4"
"402","1987 Japanese Grand Prix","1987-11-01","4"
"403","1987 Australian Grand Prix","1987-11-15","4"
"372","1988 Brazilian Grand Prix","1988-04-03","4"
"373","1988 San Marino Grand Prix","1988-05-01","4"
"374","1988 Monaco Grand Prix","1988-05-15","4"
"375","1988 Mexican Grand Prix","1988-05-29","4"
"376","1988 Canadian Grand Prix","1988-06-12","4"
"377","1988 Detroit Grand Prix","1988-06-19","4"
"378","1988 French Grand Prix","1988-07-03","4"
"379","1988 British Grand Prix","1988-07-10","4"
"380","1988 German Grand Prix","1988-07-24","4"
"381","1988 Hungarian Grand Prix","1988-08-07","4"
"382","1988 Belgian Grand Prix","1988-08-28","4"
"383","1988 Italian Grand Prix","1988-09-11","4"
"384","1988 Portuguese Grand Prix","1988-09-25","4"
"385","1988 Spanish Grand Prix","1988-10-02","4"
"386","1988 Japanese Grand Prix","1988-10-30","4"
"387","1988 Australian Grand Prix","1988-11-13","4"
"356","1989 Brazilian Grand Prix","1989-03-26","4"
"357","1989 San Marino Grand Prix","1989-04-23","4"
"358","1989 Monaco Grand Prix","1989-05-07","4"
"359","1989 Mexican Grand Prix","1989-05-28","4"
"360","1989 United States Grand Prix","1989-06-04","4"
"361","1989 Canadian Grand Prix","1989-06-18","4"
"362","1989 French Grand Prix","1989-07-09","4"
"363","1989 British Grand Prix","1989-07-16","4"
"364","1989 German Grand Prix","1989-07-30","4"
"365","1989 Hungarian Grand Prix","1989-08-13","4"
"366","1989 Belgian Grand Prix","1989-08-27","4"
"367","1989 Italian Grand Prix","1989-09-10","4"
"368","1989 Portuguese Grand Prix","1989-09-24","4"
"369","1989 Spanish Grand Prix","1989-10-01","4"
"370","1989 Japanese Grand Prix","1989-10-22","4"
"371","1989 Australian Grand Prix","1989-11-05","4"
"321","1990 United States Grand Prix","1990-03-11","4"
"322","1990 Brazilian Grand Prix","1990-03-25","4"
"323","1990 San Marino Grand Prix","1990-05-13","4"
"324","1990 Monaco Grand Prix","1990-05-27","4"
"325","1990 Canadian Grand Prix","1990-06-10","4"
"326","1990 Mexican Grand Prix","1990-06-24","4"
"327","1990 French Grand Prix","1990-07-08","4"
"328","1990 British Grand Prix","1990-07-15","4"
"329","1990 German Grand Prix","1990-07-29","4"
"330","1990 Hungarian Grand Prix","1990-08-12","4"
"331","1990 Belgian Grand Prix","1990-08-26","4"
"332","1990 Italian Grand Prix","1990-09-09","4"
"333","1990 Portuguese Grand Prix","1990-09-23","4"
"334","1990 Spanish Grand Prix","1990-09-30","4"
"335","1990 Japanese Grand Prix","1990-10-21","4"
"336","1990 Australian Grand Prix","1990-11-04","4"
"305","1991 United States Grand Prix","1991-03-10","4"
"306","1991 Brazilian Grand Prix","1991-03-24","4"
"307","1991 San Marino Grand Prix","1991-04-28","4"
"308","1991 Monaco Grand Prix","1991-05-12","4"
"309","1991 Canadian Grand Prix","1991-06-02","4"
"310","1991 Mexican Grand Prix","1991-06-16","4"
"311","1991 French Grand Prix","1991-07-07","4"
"312","1991 British Grand Prix","1991-07-14","4"
"313","1991 German Grand Prix","1991-07-28","4"
"314","1991 Hungarian Grand Prix","1991-08-11","4"
"315","1991 Belgian Grand Prix","1991-08-25","4"
"316","1991 Italian Grand Prix","1991-09-08","4"
"317","1991 Portuguese Grand Prix","1991-09-22","4"
"318","1991 Spanish Grand Prix","1991-09-29","4"
"319","1991 Japanese Grand Prix","1991-10-20","4"
"320","1991 Australian Grand Prix","1991-11-03","4"
"289","1992 South African Grand Prix","1992-03-01","4"
"290","1992 Mexican Grand Prix","1992-03-22","4"
"291","1992 Brazilian Grand Prix","1992-04-05","4"
"292","1992 Spanish Grand Prix","1992-05-03","4"
"293","1992 San Marino Grand Prix","1992-05-17","4"
"294","1992 Monaco Grand Prix","1992-05-31","4"
"295","1992 Canadian Grand Prix","1992-06-14","4"
"296","1992 French Grand Prix","1992-07-05","4"
"297","1992 British Grand Prix","1992-07-12","4"
"298","1992 German Grand Prix","1992-07-26","4"
"299","1992 Hungarian Grand Prix","1992-08-16","4"
"300","1992 Belgian Grand Prix","1992-08-30","4"
"301","1992 Italian Grand Prix","1992-09-13","4"
"302","1992 Portuguese Grand Prix","1992-09-27","4"
"303","1992 Japanese Grand Prix","1992-10-25","4"
"304","1992 Australian Grand Prix","1992-11-08","4"
"273","1993 South African Grand Prix","1993-03-14","4"
"274","1993 Brazilian Grand Prix","1993-03-28","4"
"275","1993 European Grand Prix","1993-04-11","4"
"276","1993 San Marino Grand Prix","1993-04-25","4"
"277","1993 Spanish Grand Prix","1993-05-09","4"
"278","1993 Monaco Grand Prix","1993-05-23","4"
"279","1993 Canadian Grand Prix","1993-06-13","4"
"280","1993 French Grand Prix","1993-07-04","4"
"281","1993 British Grand Prix","1993-07-11","4"
"282","1993 German Grand Prix","1993-07-25","4"
"283","1993 Hungarian Grand Prix","1993-08-15","4"
"284","1993 Belgian Grand Prix","1993-08-29","4"
"285","1993 Italian Grand Prix","1993-09-12","4"
"286","1993 Portuguese Grand Prix","1993-09-26","4"
"287","1993 Japanese Grand Prix","1993-10-24","4"
"288","1993 Australian Grand Prix","1993-11-07","4"
"257","1994 Brazilian Grand Prix","1994-03-27","4"
"258","1994 Pacific Grand Prix","1994-04-17","4"
"259","1994 San Marino Grand Prix","1994-05-01","4"
"260","1994 Monaco Grand Prix","1994-05-15","4"
"261","1994 Spanish Grand Prix","1994-05-29","4"
"262","1994 Canadian Grand Prix","1994-06-12","4"
"263","1994 French Grand Prix","1994-07-03","4"
"264","1994 British Grand Prix","1994-07-10","4"
"265","1994 German Grand Prix","1994-07-31","4"
"266","1994 Hungarian Grand Prix","1994-08-14","4"
"267","1994 Belgian Grand Prix","1994-08-28","4"
"268","1994 Italian Grand Prix","1994-09-11","4"
"269","1994 Portuguese Grand Prix","1994-09-25","4"
"270","1994 European Grand Prix","1994-10-16","4"
"271","1994 Japanese Grand Prix","1994-11-06","4"
"272","1994 Australian Grand Prix","1994-11-13","4"
"240","1995 Brazilian Grand Prix","1995-03-26","4"
"241","1995 Argentine Grand Prix","1995-04-09","4"
"242","1995 San Marino Grand Prix","1995-04-30","4"
"243","1995 Spanish Grand Prix","1995-05-14","4"
"244","1995 Monaco Grand Prix","1995-05-28","4"
"245","1995 Canadian Grand Prix","1995-06-11","4"
"246","1995 French Grand Prix","1995-07-02","4"
"247","1995 British Grand Prix","1995-07-16","4"
"248","1995 German Grand Prix","1995-07-30","4"
"249","1995 Hungarian Grand Prix","1995-08-13","4"
"250","1995 Belgian Grand Prix","1995-08-27","4"
"251","1995 Italian Grand Prix","1995-09-10","4"
"252","1995 Portuguese Grand Prix","1995-09-24","4"
"253","1995 European Grand Prix","1995-10-01","4"
"254","1995 Pacific Grand Prix","1995-10-22","4"
"255","1995 Japanese Grand Prix","1995-10-29","4"
"256","1995 Australian Grand Prix","1995-11-12","4"
"224","1996 Australian Grand Prix","1996-03-10","4"
"225","1996 Brazilian Grand Prix","1996-03-31","4"
"226","1996 Argentine Grand Prix","1996-04-07","4"
"227","1996 European Grand Prix","1996-04-28","4"
"228","1996 San Marino Grand Prix","1996-05-05","4"
"229","1996 Monaco Grand Prix","1996-05-19","4"
"230","1996 Spanish Grand Prix","1996-06-02","4"
"231","1996 Canadian Grand Prix","1996-06-16","4"
"232","1996 French Grand Prix","1996-06-30","4"
"233","1996 British Grand Prix","1996-07-14","4"
"234","1996 German Grand Prix","1996-07-28","4"
"235","1996 Hungarian Grand Prix","1996-08-11","4"
"236","1996 Belgian Grand Prix","1996-08-25","4"
"237","1996 Italian Grand Prix","1996-09-08","4"
"238","1996 Portuguese Grand Prix","1996-09-22","4"
"239","1996 Japanese Grand Prix","1996-10-13","4"
"207","1997 Australian Grand Prix","1997-03-09","4"
"208","1997 Brazilian Grand Prix","1997-03-30","4"
"209","1997 Argentine Grand Prix","1997-04-13","4"
"210","1997 San Marino Grand Prix","1997-04-27","4"
"211","1997 Monaco Grand Prix","1997-05-11","4"
"212","1997 Spanish Grand Prix","1997-05-25","4"
"213","1997 Canadian Grand Prix","1997-06-15","4"
"214","1997 French Grand Prix","1997-06-29","4"
"215","1997 British Grand Prix","1997-07-13","4"
"216","1997 German Grand Prix","1997-07-27","4"
"217","1997 Hungarian Grand Prix","1997-08-10","4"
"218","1997 Belgian Grand Prix","1997-08-24","4"
"219","1997 Italian Grand Prix","1997-09-07","4"
"220","1997 Austrian Grand Prix","1997-09-21","4"
"221","1997 Luxembourg Grand Prix","1997-09-28","4"
"222","1997 Japanese Grand Prix","1997-10-12","4"
"223","1997 European Grand Prix","1997-10-26","4"
"191","1998 Australian Grand Prix","1998-03-08","4"
"192","1998 Brazilian Grand Prix","1998-03-29","4"
"193","1998 Argentine Grand Prix","1998-04-12","4"
"194","1998 San Marino Grand Prix","1998-04-26","4"
"195","1998 Spanish Grand Prix","1998-05-10","4"
"196","1998 Monaco Grand Prix","1998-05-24","4"
"197","1998 Canadian Grand Prix","1998-06-07","4"
"198","1998 French Grand Prix","1998-06-28","4"
"199","1998 British Grand Prix","1998-07-12","4"
"200","1998 Austrian Grand Prix","1998-07-26","4"
"201","1998 German Grand Prix","1998-08-02","4"
"202","1998 Hungarian Grand Prix","1998-08-16","4"
"203","1998 Belgian Grand Prix","1998-08-30","4"
"204","1998 Italian Grand Prix","1998-09-13","4"
"205","1998 Luxembourg Grand Prix","1998-09-27","4"
"206","1998 Japanese Grand Prix","1998-11-01","4"
"175","1999 Australian Grand Prix","1999-03-07","4"
"176","1999 Brazilian Grand Prix","1999-04-11","4"
"177","1999 San Marino Grand Prix","1999-05-02","4"
"178","1999 Monaco Grand Prix","1999-05-16","4"
"179","1999 Spanish Grand Prix","1999-05-30","4"
"180","1999 Canadian Grand Prix","1999-06-13","4"
"181","1999 French Grand Prix","1999-06-27","4"
"182","1999 British Grand Prix","1999-07-11","4"
"183","1999 Austrian Grand Prix","1999-07-25","4"
"184","1999 German Grand Prix","1999-08-01","4"
"185","1999 Hungarian Grand Prix","1999-08-15","4"
"186","1999 Belgian Grand Prix","1999-08-29","4"
"187","1999 Italian Grand Prix","1999-09-12","4"
"188","1999 European Grand Prix","1999-09-26","4"
"189","1999 Malaysian Grand Prix","1999-10-17","4"
"190","1999 Japanese Grand Prix","1999-10-31","4"
"158","2000 Australian Grand Prix","2000-03-12","4"
"159","2000 Brazilian Grand Prix","2000-03-26","4"
"160","2000 San Marino Grand Prix","2000-04-09","4"
"161","2000 British Grand Prix","2000-04-23","4"
"162","2000 Spanish Grand Prix","2000-05-07","4"
"163","2000 European Grand Prix","2000-05-21","4"
"164","2000 Monaco Grand Prix","2000-06-04","4"
"165","2000 Canadian Grand Prix","2000-06-18","4"
"166","2000 French Grand Prix","2000-07-02","4"
"167","2000 Austrian Grand Prix","2000-07-16","4"
"168","2000 German Grand Prix","2000-07-30","4"
"169","2000 Hungarian Grand Prix","2000-08-13","4"
"170","2000 Belgian Grand Prix","2000-08-27","4"
"171","2000 Italian Grand Prix","2000-09-10","4"
"172","2000 United States Grand Prix","2000-09-24","4"
"173","2000 Japanese Grand Prix","2000-10-08","4"
"174","2000 Malaysian Grand Prix","2000-10-22","4"
"141","2001 Australian Grand Prix","2001-03-04","4"
"142","2001 Malaysian Grand Prix","2001-03-18","4"
"143","2001 Brazilian Grand Prix","2001-04-01","4"
"144","2001 San Marino Grand Prix","2001-04-15","4"
"145","2001 Spanish Grand Prix","2001-04-29","4"
"146","2001 Austrian Grand Prix","2001-05-13","4"
"147","2001 Monaco Grand Prix","2001-05-27","4"
"148","2001 Canadian Grand Prix","2001-06-10","4"
"149","2001 European Grand Prix","2001-06-24","4"
"150","2001 French Grand Prix","2001-07-01","4"
"151","2001 British Grand Prix","2001-07-15","4"
"152","2001 German Grand Prix","2001-07-29","4"
"153","2001 Hungarian Grand Prix","2001-08-19","4"
"154","2001 Belgian Grand Prix","2001-09-02","4"
"155","2001 Italian Grand Prix","2001-09-16","4"
"156","2001 United States Grand Prix","2001-09-30","4"
"157","2001 Japanese Grand Prix","2001-10-14","4"
"124","2002 Australian Grand Prix","2002-03-03","4"
"125","2002 Malaysian Grand Prix","2002-03-17","4"
"126","2002 Brazilian Grand Prix","2002-03-31","4"
"127","2002 San Marino Grand Prix","2002-04-14","4"
"128","2002 Spanish Grand Prix","2002-04-28","4"
"129","2002 Austrian Grand Prix","2002-05-12","4"
"130","2002 Monaco Grand Prix","2002-05-26","4"
"131","2002 Canadian Grand Prix","2002-06-09","4"
"132","2002 European Grand Prix","2002-06-23","4"
"133","2002 British Grand Prix","2002-07-07","4"
"134","2002 French Grand Prix","2002-07-21","4"
"135","2002 German Grand Prix","2002-07-28","4"
"136","2002 Hungarian Grand Prix","2002-08-18","4"
"137","2002 Belgian Grand Prix","2002-09-01","4"
"138","2002 Italian Grand Prix","2002-09-15","4"
"139","2002 United States Grand Prix","2002-09-29","4"
"140","2002 Japanese Grand Prix","2002-10-13","4"
"108","2003 Australian Grand Prix","2003-03-09","4"
"109","2003 Malaysian Grand Prix","2003-03-23","4"
"110","2003 Brazilian Grand Prix","2003-04-06","4"
"111","2003 San Marino Grand Prix","2003-04-20","4"
"112","2003 Spanish Grand Prix","2003-05-04","4"
"113","2003 Austrian Grand Prix","2003-05-18","4"
"114","2003 Monaco Grand Prix","2003-06-01","4"
"115","2003 Canadian Grand Prix","2003-06-15","4"
"116","2003 European Grand Prix","2003-06-29","4"
"117","2003 French Grand Prix","2003-07-06","4"
"118","2003 British Grand Prix","2003-07-20","4"
"119","2003 German Grand Prix","2003-08-03","4"
"120","2003 Hungarian Grand Prix","2003-08-24","4"
"121","2003 Italian Grand Prix","2003-09-14","4"
"122","2003 United States Grand Prix","2003-09-28","4"
"123","2003 Japanese Grand Prix","2003-10-12","4"
"90","2004 Australian Grand Prix","2004-03-07","4"
"91","2004 Malaysian Grand Prix","2004-03-21","4"
"92","2004 Bahrain Grand Prix","2004-04-04","4"
"93","2004 San Marino Grand Prix","2004-04-25","4"
"94","2004 Spanish Grand Prix","2004-05-09","4"
"95","2004 Monaco Grand Prix","2004-05-23","4"
"96","2004 European Grand Prix","2004-05-30","4"
"97","2004 Canadian Grand Prix","2004-06-13","4"
"98","2004 United States Grand Prix","2004-06-20","4"
"99","2004 French Grand Prix","2004-07-04","4"
"100","2004 British Grand Prix","2004-07-11","4"
"101","2004 German Grand Prix","2004-07-25","4"
"102","2004 Hungarian Grand Prix","2004-08-15","4"
"103","2004 Belgian Grand Prix","2004-08-29","4"
"104","2004 Italian Grand Prix","2004-09-12","4"
"105","2004 Chinese Grand Prix","2004-09-26","4"
"106","2004 Japanese Grand Prix","2004-10-10","4"
"107","2004 Brazilian Grand Prix","2004-10-24","4"
"71","2005 Australian Grand Prix","2005-03-06","4"
"72","2005 Malaysian Grand Prix","2005-03-20","4"
"73","2005 Bahrain Grand Prix","2005-04-03","4"
"74","2005 San Marino Grand Prix","2005-04-24","4"
"75","2005 Spanish Grand Prix","2005-05-08","4"
"76","2005 Monaco Grand Prix","2005-05-22","4"
"77","2005 European Grand Prix","2005-05-29","4"
"78","2005 Canadian Grand Prix","2005-06-12","4"
"79","2005 United States Grand Prix","2005-06-19","4"
"80","2005 French Grand Prix","2005-07-03","4"
"81","2005 British Grand Prix","2005-07-10","4"
"82","2005 German Grand Prix","2005-07-24","4"
"83","2005 Hungarian Grand Prix","2005-07-31","4"
"84","2005 Turkish Grand Prix","2005-08-21","4"
"85","2005 Italian Grand Prix","2005-09-04","4"
"86","2005 Belgium Grand Prix","2005-09-11","4"
"87","2005 Brazilian Grand Prix","2005-09-25","4"
"88","2005 Japanese Grand Prix","2005-10-09","4"
"89","2005 Chinese Grand Prix","2005-10-16","4"
"53","2006 Bahrain Grand Prix","2006-03-12","4"
"54","2006 Malaysian Grand Prix","2006-03-19","4"
"55","2006 Australian Grand Prix","2006-04-02","4"
"56","2006 San Marino Grand Prix","2006-04-23","4"
"57","2006 European Grand Prix","2006-05-07","4"
"58","2006 Spanish Grand Prix","2006-05-14","4"
"59","2006 Monaco Grand Prix","2006-05-28","4"
"60","2006 British Grand Prix","2006-06-11","4"
"61","2006 Canadian Grand Prix","2006-06-25","4"
"62","2006 United States Grand Prix","2006-07-02","4"
"63","2006 French Grand Prix","2006-07-16","4"
"64","2006 German Grand Prix","2006-07-30","4"
"65","2006 Hungarian Grand Prix","2006-08-06","4"
"66","2006 Turkish Grand Prix","2006-08-27","4"
"67","2006 Italian Grand Prix","2006-09-10","4"
"68","2006 Chinese Grand Prix","2006-10-01","4"
"69","2006 Japanese Grand Prix","2006-10-08","4"
"70","2006 Brazilian Grand Prix","2006-10-22","4"
"36","2007 Australian Grand Prix","2007-03-18","4"
"37","2007 Malaysian Grand Prix","2007-04-08","4"
"38","2007 Bahrain Grand Prix","2007-04-15","4"
"39","2007 Spanish Grand Prix","2007-05-13","4"
"40","2007 Monaco Grand Prix","2007-05-27","4"
"41","2007 Canadian Grand Prix","2007-06-10","4"
"42","2007 United States Grand Prix","2007-06-17","4"
"43","2007 French Grand Prix","2007-07-01","4"
"44","2007 British Grand Prix","2007-07-08","4"
"45","2007 European Grand Prix","2007-07-22","4"
"46","2007 Hungarian Grand Prix","2007-08-05","4"
"47","2007 Turkish Grand Prix","2007-08-26","4"
"48","2007 Italian Grand Prix","2007-09-09","4"
"49","2007 Belgian Grand Prix","2007-09-16","4"
"50","2007 Japanese Grand Prix","2007-09-30","4"
"51","2007 Chinese Grand Prix","2007-10-07","4"
"52","2007 Brazilian Grand Prix","2007-10-21","4"
"18","2008 Australian Grand Prix","2008-03-16","4"
"19","2008 Malaysian Grand Prix","2008-03-23","4"
"20","2008 Bahrain Grand Prix","2008-04-06","4"
"21","2008 Spanish Grand Prix","2008-04-27","4"
"22","2008 Turkish Grand Prix","2008-05-11","4"
"23","2008 Monaco Grand Prix","2008-05-25","4"
"24","2008 Canadian Grand Prix","2008-06-08","4"
"25","2008 French Grand Prix","2008-06-22","4"
"26","2008 British Grand Prix","2008-07-06","4"
"27","2008 German Grand Prix","2008-07-20","4"
"28","2008 Hungarian Grand Prix","2008-08-03","4"
"29","2008 European Grand Prix","2008-08-24","4"
"30","2008 Belgian Grand Prix","2008-09-07","4"
"31","2008 Italian Grand Prix","2008-09-14","4"
"32","2008 Singapore Grand Prix","2008-09-28","4"
"33","2008 Japanese Grand Prix","2008-10-12","4"
"34","2008 Chinese Grand Prix","2008-10-19","4"
"35","2008 Brazilian Grand Prix","2008-11-02","4"
"1","2009 Australian Grand Prix","2009-03-29","4"
"2","2009 Malaysian Grand Prix","2009-04-05","4"
"3","2009 Chinese Grand Prix","2009-04-19","4"
"4","2009 Bahrain Grand Prix","2009-04-26","4"
"5","2009 Spanish Grand Prix","2009-05-10","4"
"6","2009 Monaco Grand Prix","2009-05-24","4"
"7","2009 Turkish Grand Prix","2009-06-07","4"
"8","2009 British Grand Prix","2009-06-21","4"
"9","2009 German Grand Prix","2009-07-12","4"
"10","2009 Hungarian Grand Prix","2009-07-26","4"
"11","2009 European Grand Prix","2009-08-23","4"
"12","2009 Belgian Grand Prix","2009-08-30","4"
"13","2009 Italian Grand Prix","2009-09-13","4"
"14","2009 Singapore Grand Prix","2009-09-27","4"
"15","2009 Japanese Grand Prix","2009-10-04","4"
"16","2009 Brazilian Grand Prix","2009-10-18","4"
"17","2009 Abu Dhabi Grand Prix","2009-11-01","4"
"337","2010 Bahrain GP","2010-03-14","4"
"338","2010 Australian GP","2010-03-28","4"
"339","2010 Malaysian GP","2010-04-04","4"
"340","2010 Chinese GP","2010-04-18","4"
"341","2010 Spanish GP","2010-05-09","4"
"342","2010 Monaco GP","2010-05-16","4"
"343","2010 Turkish GP","2010-05-30","4"
"344","2010 Canadian GP","2010-06-13","4"
"345","2010 European GP","2010-06-27","4"
"346","2010 British GP","2010-07-11","4"
"347","2010 German GP","2010-07-25","4"
"348","2010 Hungarian GP","2010-08-01","4"
"349","2010 Belgian GP","2010-08-29","4"
"350","2010 Italian GP","2010-09-12","4"
"351","2010 Singapore GP","2010-09-26","4"
"352","2010 Japanese GP","2010-10-10","4"
"353","2010 Korean GP","2010-10-24","4"
"354","2010 Brazilian Grand Prix","2010-11-07","4"
"355","2010 Abu Dhabi Grand Prix","2010-11-14","4"
"841","2011 Australian Grand Prix","2011-03-27","4"
"842","2011 Malaysian Grand Prix","2011-04-10","4"
"843","2011 Chinese Grand Prix","2011-04-17","4"
"844","2011 Turkish Grand Prix","2011-05-08","4"
"845","2011 Spanish Grand Prix","2011-05-22","4"
"846","2011 Monaco Grand Prix","2011-05-29","4"
"847","2011 Canadian Grand Prix","2011-06-12","4"
"848","2011 European Grand Prix","2011-06-26","4"
"849","2011 British Grand Prix","2011-07-10","4"
"850","2011 German Grand Prix","2011-07-24","4"
"851","2011 Hungarian Grand Prix","2011-07-31","4"
"852","2011 Belgian Grand Prix","2011-08-28","4"
"853","2011 Italian Grand Prix","2011-09-11","4"
"854","2011 Singapore Grand Prix","2011-09-25","4"
"855","2011 Japanese Grand Prix","2011-10-09","4"
"856","2011 Korean Grand Prix","2011-10-16","4"
"857","2011 Indian Grand Prix","2011-10-30","4"
"858","2011 Abu Dhabi Grand Prix","2011-11-13","4"
"859","2011 Brazilian Grand Prix","2011-11-27","4"
"860","2012 Australian Grand Prix","2012-03-18","4"
"861","2012 Malaysian Grand Prix","2012-03-25","4"
"862","2012 Chinese Grand Prix","2012-04-15","4"
"863","2012 Bahrain Grand Prix","2012-04-22","4"
"864","2012 Spanish Grand Prix","2012-05-13","4"
"865","2012 Monaco Grand Prix","2012-05-27","4"
"866","2012 Canadian Grand Prix","2012-06-10","4"
"867","2012 European Grand Prix","2012-06-24","4"
"868","2012 British Grand Prix","2012-07-08","4"
"869","2012 German Grand Prix","2012-07-22","4"
"870","2012 Hungarian Grand Prix","2012-07-29","4"
"871","2012 Belgian Grand Prix","2012-09-02","4"
"872","2012 Italian Grand Prix","2012-09-09","4"
"873","2012 Singapore Grand Prix","2012-09-23","4"
"874","2012 Japanese Grand Prix","2012-10-07","4"
"875","2012 Korean Grand Prix","2012-10-14","4"
"876","2012 Indian Grand Prix","2012-10-28","4"
"877","2012 Abu Dhabi Grand Prix","2012-11-04","4"
"878","2012 United States Grand Prix","2012-11-18","4"
"879","2012 Brazilian Grand Prix","2012-11-25","4"
"880","2013 Australian Grand Prix","2013-03-17","4"
"881","2013 Malaysian Grand Prix","2013-03-24","4"
"882","2013 Chinese Grand Prix","2013-04-14","4"
"883","2013 Bahrain Grand Prix","2013-04-21","4"
"884","2013 Spanish Grand Prix","2013-05-12","4"
"885","2013 Monaco Grand Prix","2013-05-26","4"
"886","2013 Canadian Grand Prix","2013-06-09","4"
"887","2013 British Grand Prix","2013-06-30","4"
"888","2013 German Grand Prix","2013-07-07","4"
"890","2013 Hungarian Grand Prix","2013-07-28","4"
"891","2013 Belgian Grand Prix","2013-08-25","4"
"892","2013 Italian Grand Prix","2013-09-08","4"
"893","2013 Singapore Grand Prix","2013-09-22","4"
"894","2013 Korean Grand Prix","2013-10-06","4"
"895","2013 Japanese Grand Prix","2013-10-13","4"
"896","2013 Indian Grand Prix","2013-10-27","4"
"897","2013 Abu Dhabi Grand Prix","2013-11-03","4"
"898","2013 United States Grand Prix","2013-11-17","4"
"899","2013 Brazilian Grand Prix","2013-11-24","4"
"900","2014 Australian Grand Prix","2014-03-16","4"
"901","2014 Malaysian Grand Prix","2014-03-30","4"
"902","2014 Bahrain Grand Prix","2014-04-06","4"
"903","2014 Chinese Grand Prix","2014-04-20","4"
"904","2014 Spanish Grand Prix","2014-05-11","4"
"905","2014 Monaco Grand Prix","2014-05-25","4"
"906","2014 Canadian Grand Prix","2014-06-08","4"
"907","2014 Austrian Grand Prix","2014-06-22","4"
"908","2014 British Grand Prix","2014-07-06","4"
"909","2014 German Grand Prix","2014-07-20","4"
"910","2014 Hungarian Grand Prix","2014-07-27","4"
"911","2014 Belgian Grand Prix","2014-08-24","4"
"912","2014 Italian Grand Prix","2014-09-07","4"
"913","2014 Singapore Grand Prix","2014-09-21","4"
"914","2014 Japanese Grand Prix","2014-10-05","4"
"915","2014 Russian Grand Prix","2014-10-12","4"
"916","2014 United States Grand Prix","2014-11-02","4"
"917","2014 Brazilian Grand Prix","2014-11-09","4"
"918","2014 Abu Dhabi Grand Prix","2014-11-23","4"
