1,1946 René le Bègue Cup,1946-06-09,1,2
2,1946 Nations Grand Prix – heat 1,1946-07-20,1,1
3,1946 Nations Grand Prix – heat 2,1946-07-20,1,1
4,1946 Nations Grand Prix – final,1946-07-21,1,2
5,1946 Turin Grand Prix,1946-09-01,1,2
6,1947 Swiss GP – heat 1,1947-06-07,1,1
7,1947 Swiss GP – heat 2,1947-06-07,1,1
8,1947 Swiss GP – final,1947-06-08,1,2
9,1947 Belgian GP – grid,1947-06-28,1,1
10,1947 Belgian GP,1947-06-29,1,2
11,1947 Italian GP – qualifying,1947-09-06,1,1
12,1947 Italian GP,1947-09-07,1,2
13,1947 French GP – grid,1947-09-20,1,1
14,1947 French GP,1947-09-21,1,2
15,1948 Monaco GP – grid,1948-05-15,1,1
16,1948 Monaco GP,1948-05-16,1,2
17,1948 Swiss GP – grid,1948-07-03,1,1
18,1948 Swiss GP,1948-07-04,1,2
19,1948 French GP – grid,1948-07-17,1,1
20,1948 French GP,1948-07-18,1,2
21,1948 Italian GP – grid,1948-09-04,1,1
22,1948 Italian GP,1948-09-05,1,2
23,1948 British GP – qualifying,1948-10-01,1,1
24,1948 British GP,1948-10-02,1,2
25,1949 British GP – qualifying,1949-05-14,1,1
26,1949 British GP,1949-05-15,1,2
27,1949 Belgian GP – grid,1949-06-18,1,1
28,1949 Belgian GP,1949-06-19,1,2
29,1949 Swiss GP – grid,1949-07-02,1,1
30,1949 Swiss GP,1949-07-03,1,2
31,1949 French GP – grid,1949-07-16,1,1
32,1949 French GP,1949-07-17,1,2
33,1949 Italian GP – qualifying,1949-09-10,1,1
34,1949 Italian GP,1949-09-11,1,2
35,1950 Pau Grand Prix – grid,1950-04-09,1,1
36,1950 Richmond Trophy – grid,1950-04-09,1,1
37,1950 Pau Grand Prix,1950-04-10,1,2
38,1950 Richmond Trophy,1950-04-10,1,2
39,1950 San Remo Grand Prix – grid,1950-04-15,1,1
40,1950 San Remo Grand Prix,1950-04-16,1,2
41,1950 Paris Grand Prix,1950-04-30,1,2
42,1950 British Grand Prix – Qualifying,1950-05-12,1,3
43,1950 British Grand Prix,1950-05-13,1,4
44,1950 Monaco Grand Prix – Qualifying,1950-05-20,1,3
45,1950 Monaco Grand Prix,1950-05-21,1,4
46,1950 Swiss Grand Prix – Qualifying,1950-06-03,1,3
47,1950 Swiss Grand Prix,1950-06-04,1,4
48,1950 British Empire Trophy – grid,1950-06-14,1,1
49,1950 British Empire Trophy,1950-06-15,1,2
50,1950 Belgian Grand Prix – Qualifying,1950-06-17,1,3
51,1950 Belgian Grand Prix,1950-06-18,1,4
52,1950 French Grand Prix – Qualifying,1950-07-01,1,3
53,1950 French Grand Prix,1950-07-02,1,4
54,1950 Jersey Road Race – grid,1950-07-08,1,1
55,1950 Bari Grand Prix,1950-07-09,1,2
56,1950 Jersey Road Race,1950-07-09,1,2
57,1950 Albi Grand Prix – qualifying,1950-07-15,1,1
58,1950 Albi Grand Prix,1950-07-16,1,2
59,1950 Dutch Grand Prix,1950-07-23,1,2
60,1950 Nations Grand Prix – qualifying,1950-07-29,1,1
61,1950 Nations Grand Prix,1950-07-30,1,2
62,1950 Ulster Trophy,1950-08-12,1,2
63,1950 Circuito di Pescara – grid,1950-08-14,1,1
64,1950 Circuito di Pescara,1950-08-15,1,2
65,1950 BRDC International Trophy – heat 1,1950-08-25,1,1
66,1950 BRDC International Trophy – heat 2,1950-08-25,1,1
67,1950 BRDC International Trophy,1950-08-26,1,2
68,1950 Italian Grand Prix – Qualifying,1950-09-02,1,3
69,1950 Italian Grand Prix,1950-09-03,1,4
70,1950 Goodwood Trophy,1950-09-30,1,2
71,1950 Grand Prix of Penya Rhin – grid,1950-10-28,1,1
72,1950 Grand Prix of Penya Rhin,1950-10-29,1,2
73,1951 Syracuse Grand Prix – grid,1951-03-10,1,1
74,1951 Syracuse Grand Prix,1951-03-11,1,2
75,1951 Pau Grand Prix – grid,1951-03-25,1,1
76,1951 Richmond Trophy – grid,1951-03-25,1,1
77,1951 Pau Grand Prix,1951-03-26,1,2
78,1951 Richmond Trophy,1951-03-26,1,2
79,1951 San Remo Grand Prix – grid,1951-04-21,1,1
80,1951 San Remo Grand Prix,1951-04-22,1,2
81,1951 Bordeaux Grand Prix – grid,1951-04-27,1,1
82,1951 Bordeaux Grand Prix,1951-04-28,1,2
83,1951 BRDC International Trophy – heat 1,1951-05-04,1,1
84,1951 BRDC International Trophy – heat 2,1951-05-04,1,1
85,1951 BRDC International Trophy,1951-05-05,1,2
86,1951 Paris Grand Prix – grid,1951-05-19,1,1
87,1951 Paris Grand Prix,1951-05-20,1,2
88,1951 Swiss Grand Prix – qualifying,1951-05-26,1,3
89,1951 Swiss Grand Prix,1951-05-27,1,4
90,1951 Ulster Trophy – grid,1951-06-01,1,1
91,1951 Ulster Trophy,1951-06-02,1,2
92,1951 Belgian Grand Prix – qualifying,1951-06-16,1,3
93,1951 Belgian Grand Prix,1951-06-17,1,4
94,1951 French Grand Prix – qualifying,1951-06-30,1,3
95,1951 French Grand Prix,1951-07-01,1,4
96,1951 British Grand Prix – qualifying,1951-07-13,1,3
97,1951 British Grand Prix,1951-07-14,1,4
98,1951 Scottish Grand Prix – grid,1951-07-20,1,1
99,1951 Scottish Grand Prix,1951-07-21,1,2
100,1951 Dutch Grand Prix – grid,1951-07-21,1,1
101,1951 Dutch Grand Prix,1951-07-22,1,2
102,1951 German Grand Prix – qualifying,1951-07-28,1,3
103,1951 German Grand Prix,1951-07-29,1,4
104,1951 Albi Grand Prix – grid,1951-08-04,1,1
105,1951 Albi Grand Prix,1951-08-05,1,2
106,1951 Pescara Grand Prix – grid,1951-08-14,1,1
107,1951 Pescara Grand Prix,1951-08-15,1,2
108,1951 Bari Grand Prix,1951-09-01,1,1
109,1951 Bari Grand Prix,1951-09-02,1,2
110,1951 Italian Grand Prix – qualifying,1951-09-15,1,3
111,1951 Italian Grand Prix,1951-09-16,1,4
112,1951 Goodwood Trophy,1951-09-29,1,2
113,1951 Spanish Grand Prix – qualifying,1951-10-27,1,3
114,1951 Spanish Grand Prix,1951-10-28,1,4
115,1952 Syracuse Grand Prix - grid,1952-03-15,1,1
116,1952 Syracuse Grand Prix,1952-03-16,1,2
117,1952 Gran Premio del Valentino - grid,1952-04-05,1,1
118,1952 Gran Premio del Valentino,1952-04-06,1,2
119,1952 Richmond Trophy - grid,1952-04-13,1,1
120,1952 Pau Grand Prix - grid,1952-04-13,1,1
121,1952 Richmond Trophy,1952-04-14,1,2
122,1952 Pau Grand Prix,1952-04-14,1,2
123,1952 Marseiile Grand Prix - grid,1952-04-26,1,1
124,1952 Marseiile Grand Prix,1952-04-27,1,2
125,1952 BRDC International Trophy - heat 1,1952-05-09,1,1
126,1952 BRDC International Trophy - heat 2,1952-05-09,1,1
127,1952 BRDC International Trophy,1952-05-10,1,2
128,1952 Swiss Grand Prix - qualifying,1952-05-17,1,3
129,1952 Swiss Grand Prix,1952-05-18,1,4
130,1952 Paris Grand Prix - grid,1952-05-24,1,1
131,1952 Eifelrennen,1952-05-25,1,2
132,1952 Paris Grand Prix,1952-05-25,1,2
133,1952 Grand Prix de l'Albigeois - grid,1952-05-31,1,1
134,1952 Grand Prix de l'Albigeois,1952-06-01,1,2
135,1952 Ulster Trophy - grid,1952-06-06,1,1
136,1952 Ulster Trophy,1952-06-07,1,2
137,1952 Monza Grand Prix - grid,1952-06-07,1,1
138,1952 Lac Grand Prix - grid,1952-06-07,1,1
139,1952 Monza Grand Prix,1952-06-08,1,2
140,1952 Lac Grand Prix,1952-06-08,1,2
141,1952 Belgian Grand Prix - qualifying,1952-06-21,1,3
142,1952 Belgian Grand Prix,1952-06-22,1,4
143,1952 Marne Grand Prix - grid,1952-06-28,1,1
144,1952 Marne Grand Prix,1952-06-29,1,2
145,1952 French Grand Prix - qualifying,1952-07-05,1,3
146,1952 French Grand Prix,1952-07-06,1,4
147,1952 Sable d'Olonne Grand Prix - grid,1952-07-12,1,1
148,1952 Sable d'Olonne Grand Prix,1952-07-13,1,2
149,1952 British Grand Prix - qualifying,1952-07-18,1,3
150,1952 British Grand Prix,1952-07-19,1,4
151,1952 Daily Mail Trophy - F2,1952-08-02,1,2
152,1952 Daily Mail Trophy - F1,1952-08-02,1,2
153,1952 German Grand Prix - qualifying,1952-08-02,1,3
154,1952 German Grand Prix,1952-08-03,1,4
155,1952 Comminges Grand Prix - grid,1952-08-09,1,1
156,1952 Comminges Grand Prix,1952-08-10,1,2
157,1952 Dutch Grand Prix - qualifying,1952-08-16,1,3
158,1952 Dutch Grand Prix,1952-08-17,1,4
159,1952 Baule Grand Prix - grid,1952-08-23,1,1
160,1952 Baule Grand Prix,1952-08-24,1,2
161,1952 Italian Grand Prix - qualifying,1952-09-06,1,3
162,1952 Italian Grand Prix,1952-09-07,1,4
163,1952 Modena Grand Prix - grid,1952-09-13,1,1
164,1952 Modena Grand Prix,1952-09-14,1,2
165,1953 Argentine Grand Prix – qualifying,1953-01-17,1,3
166,1953 Argentine Grand Prix,1953-01-18,1,4
167,1953 Syracuse Grand Prix – grid,1953-03-21,1,1
168,1953 Syracuse Grand Prix,1953-03-22,1,2
169,1953 Pau Grand Prix – grid,1953-04-05,1,1
170,1953 Lavant Cup – qualifying,1953-04-05,1,1
171,1953 Pau Grand Prix,1953-04-06,1,2
172,1953 Lavant Cup,1953-04-06,1,2
173,1953 Bordeaux Grand Prix – grid,1953-05-02,1,1
174,1953 Bordeaux Grand Prix,1953-05-03,1,2
175,1953 BRDC International Trophy – heat 1,1953-05-08,1,1
176,1953 BRDC International Trophy – heat 2,1953-05-08,1,1
177,1953 BRDC International Trophy – final,1953-05-09,1,2
178,1953 Napoli Grand Prix – grid,1953-05-09,1,1
179,1953 Napoli Grand Prix,1953-05-10,1,2
180,1953 Ulster Trophy – heat 1,1953-05-15,1,1
181,1953 Ulster Trophy – heat 2,1953-05-15,1,1
182,1953 Ulster Trophy – final,1953-05-16,1,2
183,1953 Grand Prix des Frontieres,1953-05-24,1,2
184,1953 Coronation Trophy – heat 1,1953-05-24,1,1
185,1953 Coronation Trophy – heat 2,1953-05-24,1,1
186,1953 Coronation Trophy – final,1953-05-25,1,2
187,1953 Albi Grand Prix – F2 heat,1953-05-30,1,1
188,1953 Albi Grand Prix – F1 heat,1953-05-30,1,1
189,1953 Eifelrennen,1953-05-31,1,2
190,1953 Albi Grand Prix – final (F2),1953-05-31,1,2
191,1953 Albi Grand Prix – final (F1),1953-05-31,1,2
192,1953 Dutch Grand Prix – qualifying,1953-06-06,1,3
193,1953 Dutch Grand Prix,1953-06-07,1,4
194,1953 Belgian Grand Prix – qualifying,1953-06-20,1,3
195,1953 Belgian Grand Prix,1953-06-21,1,4
196,1953 Rouen-les-Essarts Grand Prix – grid,1953-06-27,1,1
197,1953 Rouen-les-Essarts Grand Prix,1953-06-28,1,2
198,1953 French Grand Prix – qualifying,1953-07-04,1,3
199,1953 French Grand Prix,1953-07-05,1,4
200,1953 Crystal Palace Trophy – grid,1953-07-10,1,1
201,1953 Crystal Palace Trophy,1953-07-11,1,2
202,1953 Avusrennen,1953-07-12,1,2
203,1953 British Grand Prix – qualifying,1953-07-17,1,3
204,1953 British Grand Prix,1953-07-18,1,4
205,1953 Lac Grand Prix – grid,1953-07-25,1,1
206,1953 Lac Grand Prix,1953-07-26,1,2
207,1953 German Grand Prix – qualifying,1953-08-01,1,3
208,1953 German Grand Prix,1953-08-02,1,4
209,1953 Sables d'Olone Grand Prix,1953-08-09,1,2
210,1953 Swiss Grand Prix – qualifying,1953-08-22,1,3
211,1953 Swiss Grand Prix,1953-08-23,1,4
212,1953 Cadours Grand Prix – heat 1,1953-08-29,1,1
213,1953 Cadours Grand Prix – heat 2,1953-08-29,1,1
214,1953 Cadours Grand Prix – repechage,1953-08-30,1,1
215,1953 Cadours Grand Prix – final,1953-08-30,1,2
216,1953 Italian Grand Prix – qualifying,1953-09-12,1,3
217,1953 Italian Grand Prix,1953-09-13,1,4
218,1953 London Trophy – grid,1953-09-18,1,1
219,1953 London Trophy,1953-09-19,1,2
220,1953 Modena Grand Prix – grid,1953-09-19,1,1
221,1953 Modena Grand Prix,1953-09-20,1,2
222,1953 Madgwick Cup – grid,1953-09-25,1,1
223,1953 Madgwick Cup,1953-09-26,1,2
224,1954 Argentine Grand Prix,1954-01-17,1,4
225,1954 Belgian Grand Prix,1954-06-20,1,4
226,1954 French Grand Prix,1954-07-04,1,4
227,1954 British Grand Prix,1954-07-17,1,4
228,1954 German Grand Prix,1954-08-01,1,4
229,1954 Swiss Grand Prix,1954-08-22,1,4
230,1954 Italian Grand Prix,1954-09-05,1,4
231,1954 Spanish Grand Prix,1954-10-24,1,4
232,1955 Argentine Grand Prix,1955-01-16,1,4
233,1955 Monaco Grand Prix,1955-05-22,1,4
234,1955 Belgian Grand Prix,1955-06-05,1,4
235,1955 Dutch Grand Prix,1955-06-19,1,4
236,1955 British Grand Prix,1955-07-16,1,4
237,1955 Italian Grand Prix,1955-09-11,1,4
238,1956 Argentine Grand Prix,1956-01-22,1,4
239,1956 Monaco Grand Prix,1956-05-13,1,4
240,1956 Belgian Grand Prix,1956-06-03,1,4
241,1956 French Grand Prix,1956-07-01,1,4
242,1956 British Grand Prix,1956-07-14,1,4
243,1956 German Grand Prix,1956-08-05,1,4
244,1956 Italian Grand Prix,1956-09-02,1,4
245,1957 Argentine Grand Prix,1957-01-13,1,4
246,1957 Monaco Grand Prix,1957-05-19,1,4
247,1957 French Grand Prix,1957-07-07,1,4
248,1957 British Grand Prix,1957-07-20,1,4
249,1957 German Grand Prix,1957-08-04,1,4
250,1957 German Grand Prix - F2,1957-08-04,1,2
251,1957 Pescara Grand Prix,1957-08-18,1,4
252,1957 Italian Grand Prix,1957-09-08,1,4
253,1958 Argentine Grand Prix,1958-01-19,1,4
254,1958 Monaco Grand Prix,1958-05-18,1,4
255,1958 Dutch Grand Prix,1958-05-26,1,4
256,1958 Belgian Grand Prix,1958-06-15,1,4
257,1958 French Grand Prix,1958-07-06,1,4
258,1958 British Grand Prix,1958-07-19,1,4
259,1958 German Grand Prix,1958-08-03,1,4
260,1958 German Gran Prix - F2,1958-08-03,1,2
261,1958 Portuguese Grand Prix,1958-08-24,1,4
262,1958 Italian Grand Prix,1958-09-07,1,4
263,1958 Moroccan Grand Prix,1958-10-19,1,4
264,1958 Moroccan Grand Prix - F2,1958-10-19,1,2
265,1959 Monaco Grand Prix,1959-05-10,1,4
266,1959 Dutch Grand Prix,1959-05-31,1,4
267,1959 French Grand Prix,1959-07-05,1,4
268,1959 British Grand Prix,1959-07-18,1,4
269,1959 German Grand Prix,1959-08-02,1,4
270,1959 Portuguese Grand Prix,1959-08-23,1,4
271,1959 Italian Grand Prix,1959-09-13,1,4
272,1959 United States Grand Prix,1959-12-12,1,4
273,1960 Argentine Grand Prix,1960-02-07,1,4
274,1960 Monaco Grand Prix,1960-05-29,1,4
275,1960 Dutch Grand Prix,1960-06-06,1,4
276,1960 Belgian Grand Prix,1960-06-19,1,4
277,1960 French Grand Prix,1960-07-03,1,4
278,1960 British Grand Prix,1960-07-16,1,4
279,1960 Portuguese Grand Prix,1960-08-14,1,4
280,1960 Italian Grand Prix,1960-09-04,1,4
281,1960 United States Grand Prix,1960-11-20,1,4
282,1961 Monaco Grand Prix,1961-05-14,1,4
283,1961 Dutch Grand Prix,1961-05-22,1,4
284,1961 Belgian Grand Prix,1961-06-18,1,4
285,1961 French Grand Prix,1961-07-02,1,4
286,1961 British Grand Prix,1961-07-15,1,4
287,1961 German Grand Prix,1961-08-06,1,4
288,1961 Italian Grand Prix,1961-09-10,1,4
289,1961 United States Grand Prix,1961-10-08,1,4
290,1962 Dutch Grand Prix,1962-05-20,1,4
291,1962 Monaco Grand Prix,1962-06-03,1,4
292,1962 Belgian Grand Prix,1962-06-17,1,4
293,1962 French Grand Prix,1962-07-08,1,4
294,1962 British Grand Prix,1962-07-21,1,4
295,1962 German Grand Prix,1962-08-05,1,4
296,1962 Italian Grand Prix,1962-09-16,1,4
297,1962 United States Grand Prix,1962-10-07,1,4
298,1962 South African Grand Prix,1962-12-29,1,4
299,1963 Monaco Grand Prix,1963-05-26,1,4
300,1963 Belgian Grand Prix,1963-06-09,1,4
301,1963 Dutch Grand Prix,1963-06-23,1,4
302,1963 French Grand Prix,1963-06-30,1,4
303,1963 British Grand Prix,1963-07-20,1,4
304,1963 German Grand Prix,1963-08-04,1,4
305,1963 Italian Grand Prix,1963-09-08,1,4
306,1963 United States Grand Prix,1963-10-06,1,4
307,1963 Mexican Grand Prix,1963-10-27,1,4
308,1963 South African Grand Prix,1963-12-28,1,4
309,1964 Monaco Grand Prix,1964-05-10,1,4
310,1964 Dutch Grand Prix,1964-05-24,1,4
311,1964 Belgian Grand Prix,1964-06-14,1,4
312,1964 French Grand Prix,1964-06-28,1,4
313,1964 British Grand Prix,1964-07-11,1,4
314,1964 German Grand Prix,1964-08-02,1,4
315,1964 Austrian Grand Prix,1964-08-23,1,4
316,1964 Italian Grand Prix,1964-09-06,1,4
317,1964 United States Grand Prix,1964-10-04,1,4
318,1964 Mexican Grand Prix,1964-10-25,1,4
319,1965 South African Grand Prix,1965-01-01,1,4
320,1965 Monaco Grand Prix,1965-05-30,1,4
321,1965 Belgian Grand Prix,1965-06-13,1,4
322,1965 French Grand Prix,1965-06-27,1,4
323,1965 British Grand Prix,1965-07-10,1,4
324,1965 Dutch Grand Prix,1965-07-18,1,4
325,1965 German Grand Prix,1965-08-01,1,4
326,1965 Italian Grand Prix,1965-09-12,1,4
327,1965 United States Grand Prix,1965-10-03,1,4
328,1965 Mexican Grand Prix,1965-10-24,1,4
329,1966 Monaco Grand Prix,1966-05-22,1,4
330,1966 Belgian Grand Prix,1966-06-12,1,4
331,1966 French Grand Prix,1966-07-03,1,4
332,1966 British Grand Prix,1966-07-16,1,4
333,1966 Dutch Grand Prix,1966-07-24,1,4
334,1966 German Grand Prix,1966-08-07,1,4
335,1966 German Grand Prix - F2,1966-08-07,1,2
336,1966 Italian Grand Prix,1966-09-04,1,4
337,1966 United States Grand Prix,1966-10-02,1,4
338,1966 Mexican Grand Prix,1966-10-23,1,4
339,1967 South African Grand Prix,1967-01-02,1,4
340,1967 Monaco Grand Prix,1967-05-07,1,4
341,1967 Dutch Grand Prix,1967-06-04,1,4
342,1967 Belgian Grand Prix,1967-06-18,1,4
343,1967 French Grand Prix,1967-07-02,1,4
344,1967 British Grand Prix,1967-07-15,1,4
345,1967 German Grand Prix,1967-08-06,1,4
346,1967 German Grand Prix - F2,1967-08-06,1,2
347,1967 Canadian Grand Prix,1967-08-27,1,4
348,1967 Italian Grand Prix,1967-09-10,1,4
349,1967 United States Grand Prix,1967-10-01,1,4
350,1967 Mexican Grand Prix,1967-10-22,1,4
351,1968 South African Grand Prix,1968-01-01,1,4
352,1968 Spanish Grand Prix,1968-05-12,1,4
353,1968 Monaco Grand Prix,1968-05-26,1,4
354,1968 Belgian Grand Prix,1968-06-09,1,4
355,1968 Dutch Grand Prix,1968-06-23,1,4
356,1968 French Grand Prix,1968-07-07,1,4
357,1968 British Grand Prix,1968-07-20,1,4
358,1968 German Grand Prix,1968-08-04,1,4
359,1968 Italian Grand Prix,1968-09-08,1,4
360,1968 Canadian Grand Prix,1968-09-22,1,4
361,1968 United States Grand Prix,1968-10-06,1,4
362,1968 Mexican Grand Prix,1968-11-03,1,4
363,1969 South African Grand Prix,1969-03-01,1,4
364,1969 Spanish Grand Prix,1969-05-04,1,4
365,1969 Monaco Grand Prix,1969-05-18,1,4
366,1969 Dutch Grand Prix,1969-06-21,1,4
367,1969 French Grand Prix,1969-07-06,1,4
368,1969 British Grand Prix,1969-07-19,1,4
369,1969 German Grand Prix,1969-08-03,1,4
370,1969 German Grand Prix - F2,1969-08-03,1,2
371,1969 Italian Grand Prix,1969-09-07,1,4
372,1969 Canadian Grand Prix,1969-09-20,1,4
373,1969 United States Grand Prix,1969-10-05,1,4
374,1969 Mexican Grand Prix,1969-10-19,1,4
375,1970 South African Grand Prix,1970-03-07,1,4
376,1970 Spanish Grand Prix,1970-04-19,1,4
377,1970 Monaco Grand Prix,1970-05-10,1,4
378,1970 Belgian Grand Prix,1970-06-07,1,4
379,1970 Dutch Grand Prix,1970-06-21,1,4
380,1970 French Grand Prix,1970-07-05,1,4
381,1970 British Grand Prix,1970-07-18,1,4
382,1970 German Grand Prix,1970-08-02,1,4
383,1970 Austrian Grand Prix,1970-08-16,1,4
384,1970 Italian Grand Prix,1970-09-06,1,4
385,1970 Canadian Grand Prix,1970-09-20,1,4
386,1970 United States Grand Prix,1970-10-04,1,4
387,1970 Mexican Grand Prix,1970-10-25,1,4
388,1971 South African Grand Prix,1971-03-06,1,4
389,1971 Spanish Grand Prix,1971-04-18,1,4
390,1971 Monaco Grand Prix,1971-05-23,1,4
391,1971 Dutch Grand Prix,1971-06-20,1,4
392,1971 French Grand Prix,1971-07-04,1,4
393,1971 British Grand Prix,1971-07-17,1,4
394,1971 German Grand Prix,1971-08-01,1,4
395,1971 Austrian Grand Prix,1971-08-15,1,4
396,1971 Italian Grand Prix,1971-09-05,1,4
397,1971 Canadian Grand Prix,1971-09-19,1,4
398,1971 United States Grand Prix,1971-10-03,1,4
399,1972 Argentine Grand Prix,1972-01-23,1,4
400,1972 South African Grand Prix,1972-03-04,1,4
401,1972 Spanish Grand Prix,1972-05-01,1,4
402,1972 Monaco Grand Prix,1972-05-14,1,4
403,1972 Belgian Grand Prix,1972-06-04,1,4
404,1972 French Grand Prix,1972-07-02,1,4
405,1972 British Grand Prix,1972-07-15,1,4
406,1972 German Grand Prix,1972-07-30,1,4
407,1972 Austrian Grand Prix,1972-08-13,1,4
408,1972 Italian Grand Prix,1972-09-10,1,4
409,1972 Canadian Grand Prix,1972-09-24,1,4
410,1972 United States Grand Prix,1972-10-08,1,4
411,1973 Argentine Grand Prix,1973-01-28,1,4
412,1973 Brazilian Grand Prix,1973-02-11,1,4
413,1973 South African Grand Prix,1973-03-03,1,4
414,1973 Spanish Grand Prix,1973-04-29,1,4
415,1973 Belgian Grand Prix,1973-05-20,1,4
416,1973 Monaco Grand Prix,1973-06-03,1,4
417,1973 Swedish Grand Prix,1973-06-17,1,4
418,1973 French Grand Prix,1973-07-01,1,4
419,1973 British Grand Prix,1973-07-14,1,4
420,1973 Dutch Grand Prix,1973-07-29,1,4
421,1973 German Grand Prix,1973-08-05,1,4
422,1973 Austrian Grand Prix,1973-08-19,1,4
423,1973 Italian Grand Prix,1973-09-09,1,4
424,1973 Canadian Grand Prix,1973-09-23,1,4
425,1973 United States Grand Prix,1973-10-07,1,4
426,1974 Argentine Grand Prix,1974-01-13,1,4
427,1974 Brazilian Grand Prix,1974-01-27,1,4
428,1974 South African Grand Prix,1974-03-30,1,4
429,1974 Spanish Grand Prix,1974-04-28,1,4
430,1974 Belgian Grand Prix,1974-05-12,1,4
431,1974 Monaco Grand Prix,1974-05-26,1,4
432,1974 Swedish Grand Prix,1974-06-09,1,4
433,1974 Dutch Grand Prix,1974-06-23,1,4
434,1974 French Grand Prix,1974-07-07,1,4
435,1974 British Grand Prix,1974-07-20,1,4
436,1974 German Grand Prix,1974-08-04,1,4
437,1974 Austrian Grand Prix,1974-08-18,1,4
438,1974 Italian Grand Prix,1974-09-08,1,4
439,1974 Canadian Grand Prix,1974-09-22,1,4
440,1974 United States Grand Prix,1974-10-06,1,4
441,1975 Argentine Grand Prix,1975-01-12,1,4
442,1975 Brazilian Grand Prix,1975-01-26,1,4
443,1975 South African Grand Prix,1975-03-01,1,4
444,1975 Spanish Grand Prix,1975-04-27,1,4
445,1975 Monaco Grand Prix,1975-05-11,1,4
446,1975 Belgian Grand Prix,1975-05-25,1,4
447,1975 Swedish Grand Prix,1975-06-08,1,4
448,1975 Dutch Grand Prix,1975-06-22,1,4
449,1975 French Grand Prix,1975-07-06,1,4
450,1975 British Grand Prix,1975-07-19,1,4
451,1975 German Grand Prix,1975-08-03,1,4
452,1975 Austrian Grand Prix,1975-08-17,1,4
453,1975 Italian Grand Prix,1975-09-07,1,4
454,1975 United States Grand Prix,1975-10-05,1,4
455,1976 Brazilian Grand Prix,1976-01-25,1,4
456,1976 South African Grand Prix,1976-03-06,1,4
457,1976 United States Grand Prix West,1976-03-28,1,4
458,1976 Spanish Grand Prix,1976-05-02,1,4
459,1976 Belgian Grand Prix,1976-05-16,1,4
460,1976 Monaco Grand Prix,1976-05-30,1,4
461,1976 Swedish Grand Prix,1976-06-13,1,4
462,1976 French Grand Prix,1976-07-04,1,4
463,1976 British Grand Prix,1976-07-18,1,4
464,1976 German Grand Prix,1976-08-01,1,4
465,1976 Austrian Grand Prix,1976-08-15,1,4
466,1976 Dutch Grand Prix,1976-08-29,1,4
467,1976 Italian Grand Prix,1976-09-12,1,4
468,1976 Canadian Grand Prix,1976-10-03,1,4
469,1976 United States Grand Prix,1976-10-10,1,4
470,1976 Japanese Grand Prix,1976-10-24,1,4
471,1977 Argentine Grand Prix,1977-01-09,1,4
472,1977 Brazilian Grand Prix,1977-01-23,1,4
473,1977 South African Grand Prix,1977-03-05,1,4
474,1977 United States Grand Prix West,1977-04-03,1,4
475,1977 Spanish Grand Prix,1977-05-08,1,4
476,1977 Monaco Grand Prix,1977-05-22,1,4
477,1977 Belgian Grand Prix,1977-06-05,1,4
478,1977 Swedish Grand Prix,1977-06-19,1,4
479,1977 French Grand Prix,1977-07-03,1,4
480,1977 British Grand Prix,1977-07-16,1,4
481,1977 German Grand Prix,1977-07-31,1,4
482,1977 Austrian Grand Prix,1977-08-14,1,4
483,1977 Dutch Grand Prix,1977-08-28,1,4
484,1977 Italian Grand Prix,1977-09-11,1,4
485,1977 United States Grand Prix,1977-10-02,1,4
486,1977 Canadian Grand Prix,1977-10-09,1,4
487,1977 Japanese Grand Prix,1977-10-23,1,4
488,1978 Argentine Grand Prix,1978-01-15,1,4
489,1978 Brazilian Grand Prix,1978-01-29,1,4
490,1978 South African Grand Prix,1978-03-04,1,4
491,1978 United States Grand Prix West,1978-04-02,1,4
492,1978 Monaco Grand Prix,1978-05-07,1,4
493,1978 Belgian Grand Prix,1978-05-21,1,4
494,1978 Spanish Grand Prix,1978-06-04,1,4
495,1978 Swedish Grand Prix,1978-06-17,1,4
496,1978 French Grand Prix,1978-07-02,1,4
497,1978 British Grand Prix,1978-07-16,1,4
498,1978 German Grand Prix,1978-07-30,1,4
499,1978 Austrian Grand Prix,1978-08-13,1,4
500,1978 Dutch Grand Prix,1978-08-27,1,4
501,1978 Italian Grand Prix,1978-09-10,1,4
502,1978 United States Grand Prix,1978-10-01,1,4
503,1978 Canadian Grand Prix,1978-10-08,1,4
504,1979 Argentine Grand Prix,1979-01-21,1,4
505,1979 Brazilian Grand Prix,1979-02-04,1,4
506,1979 South African Grand Prix,1979-03-03,1,4
507,1979 United States Grand Prix West,1979-04-08,1,4
508,1979 Spanish Grand Prix,1979-04-29,1,4
509,1979 Belgian Grand Prix,1979-05-13,1,4
510,1979 Monaco Grand Prix,1979-05-27,1,4
511,1979 French Grand Prix,1979-07-01,1,4
512,1979 British Grand Prix,1979-07-14,1,4
513,1979 German Grand Prix,1979-07-29,1,4
514,1979 Austrian Grand Prix,1979-08-12,1,4
515,1979 Dutch Grand Prix,1979-08-26,1,4
516,1979 Italian Grand Prix,1979-09-09,1,4
517,1979 Canadian Grand Prix,1979-09-30,1,4
518,1979 United States Grand Prix,1979-10-07,1,4
519,1980 Argentine Grand Prix,1980-01-13,1,4
520,1980 Brazilian Grand Prix,1980-01-27,1,4
521,1980 South African Grand Prix,1980-03-01,1,4
522,1980 United States Grand Prix West,1980-03-30,1,4
523,1980 Belgian Grand Prix,1980-05-04,1,4
524,1980 Monaco Grand Prix,1980-05-18,1,4
525,1980 French Grand Prix,1980-06-29,1,4
526,1980 British Grand Prix,1980-07-13,1,4
527,1980 German Grand Prix,1980-08-10,1,4
528,1980 Austrian Grand Prix,1980-08-17,1,4
529,1980 Dutch Grand Prix,1980-08-31,1,4
530,1980 Italian Grand Prix,1980-09-14,1,4
531,1980 Canadian Grand Prix,1980-09-28,1,4
532,1980 United States Grand Prix,1980-10-05,1,4
533,1981 United States Grand Prix West,1981-03-15,1,4
534,1981 Brazilian Grand Prix,1981-03-29,1,4
535,1981 Argentine Grand Prix,1981-04-12,1,4
536,1981 San Marino Grand Prix,1981-05-03,1,4
537,1981 Belgian Grand Prix,1981-05-17,1,4
538,1981 Monaco Grand Prix,1981-05-31,1,4
539,1981 Spanish Grand Prix,1981-06-21,1,4
540,1981 French Grand Prix,1981-07-05,1,4
541,1981 British Grand Prix,1981-07-18,1,4
542,1981 German Grand Prix,1981-08-02,1,4
543,1981 Austrian Grand Prix,1981-08-16,1,4
544,1981 Dutch Grand Prix,1981-08-30,1,4
545,1981 Italian Grand Prix,1981-09-13,1,4
546,1981 Canadian Grand Prix,1981-09-27,1,4
547,1981 Caesars Palace Grand Prix,1981-10-17,1,4
548,1982 South African Grand Prix,1982-01-23,1,4
549,1982 Brazilian Grand Prix,1982-03-21,1,4
550,1982 United States Grand Prix West,1982-04-04,1,4
551,1982 San Marino Grand Prix,1982-04-25,1,4
552,1982 Belgian Grand Prix,1982-05-09,1,4
553,1982 Monaco Grand Prix,1982-05-23,1,4
554,1982 Detroit Grand Prix,1982-06-06,1,4
555,1982 Canadian Grand Prix,1982-06-13,1,4
556,1982 Dutch Grand Prix,1982-07-03,1,4
557,1982 British Grand Prix,1982-07-18,1,4
558,1982 French Grand Prix,1982-07-25,1,4
559,1982 German Grand Prix,1982-08-08,1,4
560,1982 Austrian Grand Prix,1982-08-15,1,4
561,1982 Swiss Grand Prix,1982-08-29,1,4
562,1982 Italian Grand Prix,1982-09-12,1,4
563,1982 Caesars Palace Grand Prix,1982-09-25,1,4
564,1983 Brazilian Grand Prix,1983-03-13,1,4
565,1983 United States Grand Prix West,1983-03-27,1,4
566,1983 French Grand Prix,1983-04-17,1,4
567,1983 San Marino Grand Prix,1983-05-01,1,4
568,1983 Monaco Grand Prix,1983-05-15,1,4
569,1983 Belgian Grand Prix,1983-05-22,1,4
570,1983 Detroit Grand Prix,1983-06-05,1,4
571,1983 Canadian Grand Prix,1983-06-12,1,4
572,1983 British Grand Prix,1983-07-16,1,4
573,1983 German Grand Prix,1983-08-07,1,4
574,1983 Austrian Grand Prix,1983-08-14,1,4
575,1983 Dutch Grand Prix,1983-08-28,1,4
576,1983 Italian Grand Prix,1983-09-11,1,4
577,1983 European Grand Prix,1983-09-25,1,4
578,1983 South African Grand Prix,1983-10-15,1,4
579,1984 Brazilian Grand Prix,1984-03-25,1,4
580,1984 South African Grand Prix,1984-04-07,1,4
581,1984 Belgian Grand Prix,1984-04-29,1,4
582,1984 San Marino Grand Prix,1984-05-06,1,4
583,1984 French Grand Prix,1984-05-20,1,4
584,1984 Monaco Grand Prix,1984-06-03,1,4
585,1984 Canadian Grand Prix,1984-06-17,1,4
586,1984 Detroit Grand Prix,1984-06-24,1,4
587,1984 Dallas Grand Prix,1984-07-08,1,4
588,1984 British Grand Prix,1984-07-22,1,4
589,1984 German Grand Prix,1984-08-05,1,4
590,1984 Austrian Grand Prix,1984-08-19,1,4
591,1984 Dutch Grand Prix,1984-08-26,1,4
592,1984 Italian Grand Prix,1984-09-09,1,4
593,1984 European Grand Prix,1984-10-07,1,4
594,1984 Portuguese Grand Prix,1984-10-21,1,4
595,1985 Brazilian Grand Prix,1985-04-07,1,4
596,1985 Portuguese Grand Prix,1985-04-21,1,4
597,1985 San Marino Grand Prix,1985-05-05,1,4
598,1985 Monaco Grand Prix,1985-05-19,1,4
599,1985 Canadian Grand Prix,1985-06-16,1,4
600,1985 Detroit Grand Prix,1985-06-23,1,4
601,1985 French Grand Prix,1985-07-07,1,4
602,1985 British Grand Prix,1985-07-21,1,4
603,1985 German Grand Prix,1985-08-04,1,4
604,1985 Austrian Grand Prix,1985-08-18,1,4
605,1985 Dutch Grand Prix,1985-08-25,1,4
606,1985 Italian Grand Prix,1985-09-08,1,4
607,1985 Belgian Grand Prix,1985-09-15,1,4
608,1985 European Grand Prix,1985-10-06,1,4
609,1985 South African Grand Prix,1985-10-19,1,4
610,1985 Australian Grand Prix,1985-11-03,1,4
611,1986 Brazilian Grand Prix,1986-03-23,1,4
612,1986 Spanish Grand Prix,1986-04-13,1,4
613,1986 San Marino Grand Prix,1986-04-27,1,4
614,1986 Monaco Grand Prix,1986-05-11,1,4
615,1986 Belgian Grand Prix,1986-05-25,1,4
616,1986 Canadian Grand Prix,1986-06-15,1,4
617,1986 Detroit Grand Prix,1986-06-22,1,4
618,1986 French Grand Prix,1986-07-06,1,4
619,1986 British Grand Prix,1986-07-13,1,4
620,1986 German Grand Prix,1986-07-27,1,4
621,1986 Hungarian Grand Prix,1986-08-10,1,4
622,1986 Austrian Grand Prix,1986-08-17,1,4
623,1986 Italian Grand Prix,1986-09-07,1,4
624,1986 Portuguese Grand Prix,1986-09-21,1,4
625,1986 Mexican Grand Prix,1986-10-12,1,4
626,1986 Australian Grand Prix,1986-10-26,1,4
627,1987 Brazilian Grand Prix,1987-04-12,1,4
628,1987 San Marino Grand Prix,1987-05-03,1,4
629,1987 Belgian Grand Prix,1987-05-17,1,4
630,1987 Monaco Grand Prix,1987-05-31,1,4
631,1987 Austrian Grand Prix,1987-06-18,1,4
632,1987 Detroit Grand Prix,1987-06-21,1,4
633,1987 French Grand Prix,1987-07-05,1,4
634,1987 British Grand Prix,1987-07-12,1,4
635,1987 German Grand Prix,1987-07-26,1,4
636,1987 Hungarian Grand Prix,1987-08-09,1,4
637,1987 Italian Grand Prix,1987-09-06,1,4
638,1987 Portuguese Grand Prix,1987-09-20,1,4
639,1987 Spanish Grand Prix,1987-09-27,1,4
640,1987 Mexican Grand Prix,1987-10-18,1,4
641,1987 Japanese Grand Prix,1987-11-01,1,4
642,1987 Australian Grand Prix,1987-11-15,1,4
643,1988 Brazilian Grand Prix,1988-04-03,1,4
644,1988 San Marino Grand Prix,1988-05-01,1,4
645,1988 Monaco Grand Prix,1988-05-15,1,4
646,1988 Mexican Grand Prix,1988-05-29,1,4
647,1988 Canadian Grand Prix,1988-06-12,1,4
648,1988 Detroit Grand Prix,1988-06-19,1,4
649,1988 French Grand Prix,1988-07-03,1,4
650,1988 British Grand Prix,1988-07-10,1,4
651,1988 German Grand Prix,1988-07-24,1,4
652,1988 Hungarian Grand Prix,1988-08-07,1,4
653,1988 Belgian Grand Prix,1988-08-28,1,4
654,1988 Italian Grand Prix,1988-09-11,1,4
655,1988 Portuguese Grand Prix,1988-09-25,1,4
656,1988 Spanish Grand Prix,1988-10-02,1,4
657,1988 Japanese Grand Prix,1988-10-30,1,4
658,1988 Australian Grand Prix,1988-11-13,1,4
659,1989 Brazilian Grand Prix,1989-03-26,1,4
660,1989 San Marino Grand Prix,1989-04-23,1,4
661,1989 Monaco Grand Prix,1989-05-07,1,4
662,1989 Mexican Grand Prix,1989-05-28,1,4
663,1989 United States Grand Prix,1989-06-04,1,4
664,1989 Canadian Grand Prix,1989-06-18,1,4
665,1989 French Grand Prix,1989-07-09,1,4
666,1989 British Grand Prix,1989-07-16,1,4
667,1989 German Grand Prix,1989-07-30,1,4
668,1989 Hungarian Grand Prix,1989-08-13,1,4
669,1989 Belgian Grand Prix,1989-08-27,1,4
670,1989 Italian Grand Prix,1989-09-10,1,4
671,1989 Portuguese Grand Prix,1989-09-24,1,4
672,1989 Spanish Grand Prix,1989-10-01,1,4
673,1989 Japanese Grand Prix,1989-10-22,1,4
674,1989 Australian Grand Prix,1989-11-05,1,4
675,1990 United States Grand Prix,1990-03-11,1,4
676,1990 Brazilian Grand Prix,1990-03-25,1,4
677,1990 San Marino Grand Prix,1990-05-13,1,4
678,1990 Monaco Grand Prix,1990-05-27,1,4
679,1990 Canadian Grand Prix,1990-06-10,1,4
680,1990 Mexican Grand Prix,1990-06-24,1,4
681,1990 French Grand Prix,1990-07-08,1,4
682,1990 British Grand Prix,1990-07-15,1,4
683,1990 German Grand Prix,1990-07-29,1,4
684,1990 Hungarian Grand Prix,1990-08-12,1,4
685,1990 Belgian Grand Prix,1990-08-26,1,4
686,1990 Italian Grand Prix,1990-09-09,1,4
687,1990 Portuguese Grand Prix,1990-09-23,1,4
688,1990 Spanish Grand Prix,1990-09-30,1,4
689,1990 Japanese Grand Prix,1990-10-21,1,4
690,1990 Australian Grand Prix,1990-11-04,1,4
691,1991 United States Grand Prix,1991-03-10,1,4
692,1991 Brazilian Grand Prix,1991-03-24,1,4
693,1991 San Marino Grand Prix,1991-04-28,1,4
694,1991 Monaco Grand Prix,1991-05-12,1,4
695,1991 Canadian Grand Prix,1991-06-02,1,4
696,1991 Mexican Grand Prix,1991-06-16,1,4
697,1991 French Grand Prix,1991-07-07,1,4
698,1991 British Grand Prix,1991-07-14,1,4
699,1991 German Grand Prix,1991-07-28,1,4
700,1991 Hungarian Grand Prix,1991-08-11,1,4
701,1991 Belgian Grand Prix,1991-08-25,1,4
702,1991 Italian Grand Prix,1991-09-08,1,4
703,1991 Portuguese Grand Prix,1991-09-22,1,4
704,1991 Spanish Grand Prix,1991-09-29,1,4
705,1991 Japanese Grand Prix,1991-10-20,1,4
706,1991 Australian Grand Prix,1991-11-03,1,4
707,1992 South African Grand Prix,1992-03-01,1,4
708,1992 Mexican Grand Prix,1992-03-22,1,4
709,1992 Brazilian Grand Prix,1992-04-05,1,4
710,1992 Spanish Grand Prix,1992-05-03,1,4
711,1992 San Marino Grand Prix,1992-05-17,1,4
712,1992 Monaco Grand Prix,1992-05-31,1,4
713,1992 Canadian Grand Prix,1992-06-14,1,4
714,1992 French Grand Prix,1992-07-05,1,4
715,1992 British Grand Prix,1992-07-12,1,4
716,1992 German Grand Prix,1992-07-26,1,4
717,1992 Hungarian Grand Prix,1992-08-16,1,4
718,1992 Belgian Grand Prix,1992-08-30,1,4
719,1992 Italian Grand Prix,1992-09-13,1,4
720,1992 Portuguese Grand Prix,1992-09-27,1,4
721,1992 Japanese Grand Prix,1992-10-25,1,4
722,1992 Australian Grand Prix,1992-11-08,1,4
723,1993 South African Grand Prix,1993-03-14,1,4
724,1993 Brazilian Grand Prix,1993-03-28,1,4
725,1993 European Grand Prix,1993-04-11,1,4
726,1993 San Marino Grand Prix,1993-04-25,1,4
727,1993 Spanish Grand Prix,1993-05-09,1,4
728,1993 Monaco Grand Prix,1993-05-23,1,4
729,1993 Canadian Grand Prix,1993-06-13,1,4
730,1993 French Grand Prix,1993-07-04,1,4
731,1993 British Grand Prix,1993-07-11,1,4
732,1993 German Grand Prix,1993-07-25,1,4
733,1993 Hungarian Grand Prix,1993-08-15,1,4
734,1993 Belgian Grand Prix,1993-08-29,1,4
735,1993 Italian Grand Prix,1993-09-12,1,4
736,1993 Portuguese Grand Prix,1993-09-26,1,4
737,1993 Japanese Grand Prix,1993-10-24,1,4
738,1993 Australian Grand Prix,1993-11-07,1,4
739,1994 Brazilian Grand Prix,1994-03-27,1,4
740,1994 Pacific Grand Prix,1994-04-17,1,4
741,1994 San Marino Grand Prix,1994-05-01,1,4
742,1994 Monaco Grand Prix,1994-05-15,1,4
743,1994 Spanish Grand Prix,1994-05-29,1,4
744,1994 Canadian Grand Prix,1994-06-12,1,4
745,1994 French Grand Prix,1994-07-03,1,4
746,1994 British Grand Prix,1994-07-10,1,4
747,1994 German Grand Prix,1994-07-31,1,4
748,1994 Hungarian Grand Prix,1994-08-14,1,4
749,1994 Belgian Grand Prix,1994-08-28,1,4
750,1994 Italian Grand Prix,1994-09-11,1,4
751,1994 Portuguese Grand Prix,1994-09-25,1,4
752,1994 European Grand Prix,1994-10-16,1,4
753,1994 Japanese Grand Prix,1994-11-06,1,4
754,1994 Australian Grand Prix,1994-11-13,1,4
755,1995 Brazilian Grand Prix,1995-03-26,1,4
756,1995 Argentine Grand Prix,1995-04-09,1,4
757,1995 San Marino Grand Prix,1995-04-30,1,4
758,1995 Spanish Grand Prix,1995-05-14,1,4
759,1995 Monaco Grand Prix,1995-05-28,1,4
760,1995 Canadian Grand Prix,1995-06-11,1,4
761,1995 French Grand Prix,1995-07-02,1,4
762,1995 British Grand Prix,1995-07-16,1,4
763,1995 German Grand Prix,1995-07-30,1,4
764,1995 Hungarian Grand Prix,1995-08-13,1,4
765,1995 Belgian Grand Prix,1995-08-27,1,4
766,1995 Italian Grand Prix,1995-09-10,1,4
767,1995 Portuguese Grand Prix,1995-09-24,1,4
768,1995 European Grand Prix,1995-10-01,1,4
769,1995 Pacific Grand Prix,1995-10-22,1,4
770,1995 Japanese Grand Prix,1995-10-29,1,4
771,1995 Australian Grand Prix,1995-11-12,1,4
772,1996 Australian Grand Prix,1996-03-10,1,4
773,1996 Brazilian Grand Prix,1996-03-31,1,4
774,1996 Argentine Grand Prix,1996-04-07,1,4
775,1996 European Grand Prix,1996-04-28,1,4
776,1996 San Marino Grand Prix,1996-05-05,1,4
777,1996 Monaco Grand Prix,1996-05-19,1,4
778,1996 Spanish Grand Prix,1996-06-02,1,4
779,1996 Canadian Grand Prix,1996-06-16,1,4
780,1996 French Grand Prix,1996-06-30,1,4
781,1996 British Grand Prix,1996-07-14,1,4
782,1996 German Grand Prix,1996-07-28,1,4
783,1996 Hungarian Grand Prix,1996-08-11,1,4
784,1996 Belgian Grand Prix,1996-08-25,1,4
785,1996 Italian Grand Prix,1996-09-08,1,4
786,1996 Portuguese Grand Prix,1996-09-22,1,4
787,1996 Japanese Grand Prix,1996-10-13,1,4
788,1997 Australian Grand Prix,1997-03-09,1,4
789,1997 Brazilian Grand Prix,1997-03-30,1,4
790,1997 Argentine Grand Prix,1997-04-13,1,4
791,1997 San Marino Grand Prix,1997-04-27,1,4
792,1997 Monaco Grand Prix,1997-05-11,1,4
793,1997 Spanish Grand Prix,1997-05-25,1,4
794,1997 Canadian Grand Prix,1997-06-15,1,4
795,1997 French Grand Prix,1997-06-29,1,4
796,1997 British Grand Prix,1997-07-13,1,4
797,1997 German Grand Prix,1997-07-27,1,4
798,1997 Hungarian Grand Prix,1997-08-10,1,4
799,1997 Belgian Grand Prix,1997-08-24,1,4
800,1997 Italian Grand Prix,1997-09-07,1,4
801,1997 Austrian Grand Prix,1997-09-21,1,4
802,1997 Luxembourg Grand Prix,1997-09-28,1,4
803,1997 Japanese Grand Prix,1997-10-12,1,4
804,1997 European Grand Prix,1997-10-26,1,4
805,1998 Australian Grand Prix,1998-03-08,1,4
806,1998 Brazilian Grand Prix,1998-03-29,1,4
807,1998 Argentine Grand Prix,1998-04-12,1,4
808,1998 San Marino Grand Prix,1998-04-26,1,4
809,1998 Spanish Grand Prix,1998-05-10,1,4
810,1998 Monaco Grand Prix,1998-05-24,1,4
811,1998 Canadian Grand Prix,1998-06-07,1,4
812,1998 French Grand Prix,1998-06-28,1,4
813,1998 British Grand Prix,1998-07-12,1,4
814,1998 Austrian Grand Prix,1998-07-26,1,4
815,1998 German Grand Prix,1998-08-02,1,4
816,1998 Hungarian Grand Prix,1998-08-16,1,4
817,1998 Belgian Grand Prix,1998-08-30,1,4
818,1998 Italian Grand Prix,1998-09-13,1,4
819,1998 Luxembourg Grand Prix,1998-09-27,1,4
820,1998 Japanese Grand Prix,1998-11-01,1,4
821,1999 Australian Grand Prix,1999-03-07,1,4
822,1999 Brazilian Grand Prix,1999-04-11,1,4
823,1999 San Marino Grand Prix,1999-05-02,1,4
824,1999 Monaco Grand Prix,1999-05-16,1,4
825,1999 Spanish Grand Prix,1999-05-30,1,4
826,1999 Canadian Grand Prix,1999-06-13,1,4
827,1999 French Grand Prix,1999-06-27,1,4
828,1999 British Grand Prix,1999-07-11,1,4
829,1999 Austrian Grand Prix,1999-07-25,1,4
830,1999 German Grand Prix,1999-08-01,1,4
831,1999 Hungarian Grand Prix,1999-08-15,1,4
832,1999 Belgian Grand Prix,1999-08-29,1,4
833,1999 Italian Grand Prix,1999-09-12,1,4
834,1999 European Grand Prix,1999-09-26,1,4
835,1999 Malaysian Grand Prix,1999-10-17,1,4
836,1999 Japanese Grand Prix,1999-10-31,1,4
837,2000 Australian Grand Prix,2000-03-12,1,4
838,2000 Brazilian Grand Prix,2000-03-26,1,4
839,2000 San Marino Grand Prix,2000-04-09,1,4
840,2000 British Grand Prix,2000-04-23,1,4
841,2000 Spanish Grand Prix,2000-05-07,1,4
842,2000 European Grand Prix,2000-05-21,1,4
843,2000 Monaco Grand Prix,2000-06-04,1,4
844,2000 Canadian Grand Prix,2000-06-18,1,4
845,2000 French Grand Prix,2000-07-02,1,4
846,2000 Austrian Grand Prix,2000-07-16,1,4
847,2000 German Grand Prix,2000-07-30,1,4
848,2000 Hungarian Grand Prix,2000-08-13,1,4
849,2000 Belgian Grand Prix,2000-08-27,1,4
850,2000 Italian Grand Prix,2000-09-10,1,4
851,2000 United States Grand Prix,2000-09-24,1,4
852,2000 Japanese Grand Prix,2000-10-08,1,4
853,2000 Malaysian Grand Prix,2000-10-22,1,4
854,2001 Australian Grand Prix,2001-03-04,1,4
855,2001 Malaysian Grand Prix,2001-03-18,1,4
856,2001 Brazilian Grand Prix,2001-04-01,1,4
857,2001 San Marino Grand Prix,2001-04-15,1,4
858,2001 Spanish Grand Prix,2001-04-29,1,4
859,2001 Austrian Grand Prix,2001-05-13,1,4
860,2001 Monaco Grand Prix,2001-05-27,1,4
861,2001 Canadian Grand Prix,2001-06-10,1,4
862,2001 European Grand Prix,2001-06-24,1,4
863,2001 French Grand Prix,2001-07-01,1,4
864,2001 British Grand Prix,2001-07-15,1,4
865,2001 German Grand Prix,2001-07-29,1,4
866,2001 Hungarian Grand Prix,2001-08-19,1,4
867,2001 Belgian Grand Prix,2001-09-02,1,4
868,2001 Italian Grand Prix,2001-09-16,1,4
869,2001 United States Grand Prix,2001-09-30,1,4
870,2001 Japanese Grand Prix,2001-10-14,1,4
871,2002 Australian Grand Prix,2002-03-03,1,4
872,2002 Malaysian Grand Prix,2002-03-17,1,4
873,2002 Brazilian Grand Prix,2002-03-31,1,4
874,2002 San Marino Grand Prix,2002-04-14,1,4
875,2002 Spanish Grand Prix,2002-04-28,1,4
876,2002 Austrian Grand Prix,2002-05-12,1,4
877,2002 Monaco Grand Prix,2002-05-26,1,4
878,2002 Canadian Grand Prix,2002-06-09,1,4
879,2002 European Grand Prix,2002-06-23,1,4
880,2002 British Grand Prix,2002-07-07,1,4
881,2002 French Grand Prix,2002-07-21,1,4
882,2002 German Grand Prix,2002-07-28,1,4
883,2002 Hungarian Grand Prix,2002-08-18,1,4
884,2002 Belgian Grand Prix,2002-09-01,1,4
885,2002 Italian Grand Prix,2002-09-15,1,4
886,2002 United States Grand Prix,2002-09-29,1,4
887,2002 Japanese Grand Prix,2002-10-13,1,4
888,2003 Australian Grand Prix,2003-03-09,1,4
889,2003 Malaysian Grand Prix,2003-03-23,1,4
890,2003 Brazilian Grand Prix,2003-04-06,1,4
891,2003 San Marino Grand Prix,2003-04-20,1,4
892,2003 Spanish Grand Prix,2003-05-04,1,4
893,2003 Austrian Grand Prix,2003-05-18,1,4
894,2003 Monaco Grand Prix,2003-06-01,1,4
895,2003 Canadian Grand Prix,2003-06-15,1,4
896,2003 European Grand Prix,2003-06-29,1,4
897,2003 French Grand Prix,2003-07-06,1,4
898,2003 British Grand Prix,2003-07-20,1,4
899,2003 German Grand Prix,2003-08-03,1,4
900,2003 Hungarian Grand Prix,2003-08-24,1,4
901,2003 Italian Grand Prix,2003-09-14,1,4
902,2003 United States Grand Prix,2003-09-28,1,4
903,2003 Japanese Grand Prix,2003-10-12,1,4
904,2004 Australian Grand Prix,2004-03-07,1,4
905,2004 Malaysian Grand Prix,2004-03-21,1,4
906,2004 Bahrain Grand Prix,2004-04-04,1,4
907,2004 San Marino Grand Prix,2004-04-25,1,4
908,2004 Spanish Grand Prix,2004-05-09,1,4
909,2004 Monaco Grand Prix,2004-05-23,1,4
910,2004 European Grand Prix,2004-05-30,1,4
911,2004 Canadian Grand Prix,2004-06-13,1,4
912,2004 United States Grand Prix,2004-06-20,1,4
913,2004 French Grand Prix,2004-07-04,1,4
914,2004 British Grand Prix,2004-07-11,1,4
915,2004 German Grand Prix,2004-07-25,1,4
916,2004 Hungarian Grand Prix,2004-08-15,1,4
917,2004 Belgian Grand Prix,2004-08-29,1,4
918,2004 Italian Grand Prix,2004-09-12,1,4
919,2004 Chinese Grand Prix,2004-09-26,1,4
920,2004 Japanese Grand Prix,2004-10-10,1,4
921,2004 Brazilian Grand Prix,2004-10-24,1,4
922,2005 Australian Grand Prix,2005-03-06,1,4
923,2005 Malaysian Grand Prix,2005-03-20,1,4
924,2005 Bahrain Grand Prix,2005-04-03,1,4
925,2005 San Marino Grand Prix,2005-04-24,1,4
926,2005 Spanish Grand Prix,2005-05-08,1,4
927,2005 Monaco Grand Prix,2005-05-22,1,4
928,2005 European Grand Prix,2005-05-29,1,4
929,2005 Canadian Grand Prix,2005-06-12,1,4
930,2005 United States Grand Prix,2005-06-19,1,4
931,2005 French Grand Prix,2005-07-03,1,4
932,2005 British Grand Prix,2005-07-10,1,4
933,2005 German Grand Prix,2005-07-24,1,4
934,2005 Hungarian Grand Prix,2005-07-31,1,4
935,2005 Turkish Grand Prix,2005-08-21,1,4
936,2005 Italian Grand Prix,2005-09-04,1,4
937,2005 Belgium Grand Prix,2005-09-11,1,4
938,2005 Brazilian Grand Prix,2005-09-25,1,4
939,2005 Japanese Grand Prix,2005-10-09,1,4
940,2005 Chinese Grand Prix,2005-10-16,1,4
941,2006 Bahrain Grand Prix,2006-03-12,1,4
942,2006 Malaysian Grand Prix,2006-03-19,1,4
943,2006 Australian Grand Prix,2006-04-02,1,4
944,2006 San Marino Grand Prix,2006-04-23,1,4
945,2006 European Grand Prix,2006-05-07,1,4
946,2006 Spanish Grand Prix,2006-05-14,1,4
947,2006 Monaco Grand Prix,2006-05-28,1,4
948,2006 British Grand Prix,2006-06-11,1,4
949,2006 Canadian Grand Prix,2006-06-25,1,4
950,2006 United States Grand Prix,2006-07-02,1,4
951,2006 French Grand Prix,2006-07-16,1,4
952,2006 German Grand Prix,2006-07-30,1,4
953,2006 Hungarian Grand Prix,2006-08-06,1,4
954,2006 Turkish Grand Prix,2006-08-27,1,4
955,2006 Italian Grand Prix,2006-09-10,1,4
956,2006 Chinese Grand Prix,2006-10-01,1,4
957,2006 Japanese Grand Prix,2006-10-08,1,4
958,2006 Brazilian Grand Prix,2006-10-22,1,4
959,2007 Australian Grand Prix,2007-03-18,1,4
960,2007 Malaysian Grand Prix,2007-04-08,1,4
961,2007 Bahrain Grand Prix,2007-04-15,1,4
962,2007 Spanish Grand Prix,2007-05-13,1,4
963,2007 Monaco Grand Prix,2007-05-27,1,4
964,2007 Canadian Grand Prix,2007-06-10,1,4
965,2007 United States Grand Prix,2007-06-17,1,4
966,2007 French Grand Prix,2007-07-01,1,4
967,2007 British Grand Prix,2007-07-08,1,4
968,2007 European Grand Prix,2007-07-22,1,4
969,2007 Hungarian Grand Prix,2007-08-05,1,4
970,2007 Turkish Grand Prix,2007-08-26,1,4
971,2007 Italian Grand Prix,2007-09-09,1,4
972,2007 Belgian Grand Prix,2007-09-16,1,4
973,2007 Japanese Grand Prix,2007-09-30,1,4
974,2007 Chinese Grand Prix,2007-10-07,1,4
975,2007 Brazilian Grand Prix,2007-10-21,1,4
976,2008 Australian Grand Prix,2008-03-16,1,4
977,2008 Malaysian Grand Prix,2008-03-23,1,4
978,2008 Bahrain Grand Prix,2008-04-06,1,4
979,2008 Spanish Grand Prix,2008-04-27,1,4
980,2008 Turkish Grand Prix,2008-05-11,1,4
981,2008 Monaco Grand Prix,2008-05-25,1,4
982,2008 Canadian Grand Prix,2008-06-08,1,4
983,2008 French Grand Prix,2008-06-22,1,4
984,2008 British Grand Prix,2008-07-06,1,4
985,2008 German Grand Prix,2008-07-20,1,4
986,2008 Hungarian Grand Prix,2008-08-03,1,4
987,2008 European Grand Prix,2008-08-24,1,4
988,2008 Belgian Grand Prix,2008-09-07,1,4
989,2008 Italian Grand Prix,2008-09-14,1,4
990,2008 Singapore Grand Prix,2008-09-28,1,4
991,2008 Japanese Grand Prix,2008-10-12,1,4
992,2008 Chinese Grand Prix,2008-10-19,1,4
993,2008 Brazilian Grand Prix,2008-11-02,1,4
994,2009 Australian Grand Prix,2009-03-29,1,4
995,2009 Malaysian Grand Prix,2009-04-05,1,4
996,2009 Chinese Grand Prix,2009-04-19,1,4
997,2009 Bahrain Grand Prix,2009-04-26,1,4
998,2009 Spanish Grand Prix,2009-05-10,1,4
999,2009 Monaco Grand Prix,2009-05-24,1,4
1000,2009 Turkish Grand Prix,2009-06-07,1,4
1001,2009 British Grand Prix,2009-06-21,1,4
1002,2009 German Grand Prix,2009-07-12,1,4
1003,2009 Hungarian Grand Prix,2009-07-26,1,4
1004,2009 European Grand Prix,2009-08-23,1,4
1005,2009 Belgian Grand Prix,2009-08-30,1,4
1006,2009 Italian Grand Prix,2009-09-13,1,4
1007,2009 Singapore Grand Prix,2009-09-27,1,4
1008,2009 Japanese Grand Prix,2009-10-04,1,4
1009,2009 Brazilian Grand Prix,2009-10-18,1,4
1010,2009 Abu Dhabi Grand Prix,2009-11-01,1,4
1011,2010 Bahrain Grand Prix,2010-03-14,1,4
1012,2010 Australian Grand Prix,2010-03-28,1,4
1013,2010 Malaysian Grand Prix,2010-04-04,1,4
1014,2010 Chinese Grand Prix,2010-04-18,1,4
1015,2010 Spanish Grand Prix,2010-05-09,1,4
1016,2010 Monaco Grand Prix,2010-05-16,1,4
1017,2010 Turkish Grand Prix,2010-05-30,1,4
1018,2010 Canadian Grand Prix,2010-06-13,1,4
1019,2010 European Grand Prix,2010-06-27,1,4
1020,2010 British Grand Prix,2010-07-11,1,4
1021,2010 German Grand Prix,2010-07-25,1,4
1022,2010 Hungarian Grand Prix,2010-08-01,1,4
1023,2010 Belgian Grand Prix,2010-08-29,1,4
1024,2010 Italian Grand Prix,2010-09-12,1,4
1025,2010 Singapore Grand Prix,2010-09-26,1,4
1026,2010 Japanese Grand Prix,2010-10-10,1,4
1027,2010 Korean Grand Prix,2010-10-24,1,4
1028,2010 Brazilian Grand Prix,2010-11-07,1,4
1029,2010 Abu Dhabi Grand Prix,2010-11-14,1,4
1030,2011 Australian Grand Prix,2011-03-27,1,4
1031,2011 Malaysian Grand Prix,2011-04-10,1,4
1032,2011 Chinese Grand Prix,2011-04-17,1,4
1033,2011 Turkish Grand Prix,2011-05-08,1,4
1034,2011 Spanish Grand Prix,2011-05-22,1,4
1035,2011 Monaco Grand Prix,2011-05-29,1,4
1036,2011 Canadian Grand Prix,2011-06-12,1,4
1037,2011 European Grand Prix,2011-06-26,1,4
1038,2011 British Grand Prix,2011-07-10,1,4
1039,2011 German Grand Prix,2011-07-24,1,4
1040,2011 Hungarian Grand Prix,2011-07-31,1,4
1041,2011 Belgian Grand Prix,2011-08-28,1,4
1042,2011 Italian Grand Prix,2011-09-11,1,4
1043,2011 Singapore Grand Prix,2011-09-25,1,4
1044,2011 Japanese Grand Prix,2011-10-09,1,4
1045,2011 Korean Grand Prix,2011-10-16,1,4
1046,2011 Indian Grand Prix,2011-10-30,1,4
1047,2011 Abu Dhabi Grand Prix,2011-11-13,1,4
1048,2011 Brazilian Grand Prix,2011-11-27,1,4
1049,2012 Australian Grand Prix,2012-03-18,1,4
1050,2012 Malaysian Grand Prix,2012-03-25,1,4
1051,2012 Chinese Grand Prix,2012-04-15,1,4
1052,2012 Bahrain Grand Prix,2012-04-22,1,4
1053,2012 Spanish Grand Prix,2012-05-13,1,4
1054,2012 Monaco Grand Prix,2012-05-27,1,4
1055,2012 Canadian Grand Prix,2012-06-10,1,4
1056,2012 European Grand Prix,2012-06-24,1,4
1057,2012 British Grand Prix,2012-07-08,1,4
1058,2012 German Grand Prix,2012-07-22,1,4
1059,2012 Hungarian Grand Prix,2012-07-29,1,4
1060,2012 Belgian Grand Prix,2012-09-02,1,4
1061,2012 Italian Grand Prix,2012-09-09,1,4
1062,2012 Singapore Grand Prix,2012-09-23,1,4
1063,2012 Japanese Grand Prix,2012-10-07,1,4
1064,2012 Korean Grand Prix,2012-10-14,1,4
1065,2012 Indian Grand Prix,2012-10-28,1,4
1066,2012 Abu Dhabi Grand Prix,2012-11-04,1,4
1067,2012 United States Grand Prix,2012-11-18,1,4
1068,2012 Brazilian Grand Prix,2012-11-25,1,4
1069,2013 Australian Grand Prix,2013-03-17,1,4
1070,2013 Malaysian Grand Prix,2013-03-24,1,4
1071,2013 Chinese Grand Prix,2013-04-14,1,4
1072,2013 Bahrain Grand Prix,2013-04-21,1,4
1073,2013 Spanish Grand Prix,2013-05-12,1,4
1074,2013 Monaco Grand Prix,2013-05-26,1,4
1075,2013 Canadian Grand Prix,2013-06-09,1,4
1076,2013 British Grand Prix,2013-06-30,1,4
1077,2013 German Grand Prix,2013-07-07,1,4
1078,2013 Hungarian Grand Prix,2013-07-28,1,4
1079,2013 Belgian Grand Prix,2013-08-25,1,4
1080,2013 Italian Grand Prix,2013-09-08,1,4
1081,2013 Singapore Grand Prix,2013-09-22,1,4
1082,2013 Korean Grand Prix,2013-10-06,1,4
1083,2013 Japanese Grand Prix,2013-10-13,1,4
1084,2013 Indian Grand Prix,2013-10-27,1,4
1085,2013 Abu Dhabi Grand Prix,2013-11-03,1,4
1086,2013 United States Grand Prix,2013-11-17,1,4
1087,2013 Brazilian Grand Prix,2013-11-24,1,4
1088,2014 Australian Grand Prix,2014-03-16,1,4
1089,2014 Malaysian Grand Prix,2014-03-30,1,4
1090,2014 Bahrain Grand Prix,2014-04-06,1,4
1091,2014 Chinese Grand Prix,2014-04-20,1,4
1092,2014 Spanish Grand Prix,2014-05-11,1,4
1093,2014 Monaco Grand Prix,2014-05-25,1,4
1094,2014 Canadian Grand Prix,2014-06-08,1,4
1095,2014 Austrian Grand Prix,2014-06-22,1,4
1096,2014 British Grand Prix,2014-07-06,1,4
1097,2014 German Grand Prix,2014-07-20,1,4
1098,2014 Hungarian Grand Prix,2014-07-27,1,4
1099,2014 Belgian Grand Prix,2014-08-24,1,4
1100,2014 Italian Grand Prix,2014-09-07,1,4
1101,2014 Singapore Grand Prix,2014-09-21,1,4
1102,2014 Japanese Grand Prix,2014-10-05,1,4
1103,2014 Russian Grand Prix,2014-10-12,1,4
1104,2014 United States Grand Prix,2014-11-02,0,4
1105,2014 Brazilian Grand Prix,2014-11-09,0,4
1106,2014 Abu Dhabi Grand Prix,2014-11-23,0,4
